time,open,high,low,close
2016-09-27,607.455,607.94,601.06225,605.34375
2016-09-28,605.34375,606.00675,602.96975,604.55725
2016-09-29,604.53725,606.5185,603.5425,605.95725
2016-09-30,605.95475,609.715,604.7075,609.675
2016-10-01,609.675,615.59,609.6725,614.26375
2016-10-02,614.26375,614.72975,607.3,610.80925
2016-10-03,610.81425,613.132,609.85775,613.0645
2016-10-04,613.097,613.097,608.48325,609.865
2016-10-05,609.8625,613.9345,608.72825,612.2365
2016-10-06,612.125,612.84225,610.932,612.2315
2016-10-07,612.2065,618.18175,610.39275,617.25975
2016-10-08,617.29225,619.4125,616.5575,618.155
2016-10-09,618.14475,618.17475,615.0925,615.745
2016-10-10,615.74725,618.31225,614.87125,617.7925
2016-10-11,617.91,642.74,616.72,641.11625
2016-10-12,640.98625,641.4735,634.208,635.2775
2016-10-13,635.5175,638.5,633.5975,634.84075
2016-10-14,635.16075,640.7475,631.826,638.4425
2016-10-15,638.4425,641.5975,635.64,637.50975
2016-10-16,637.50775,642.06475,637.265,640.9375
2016-10-17,640.9825,641.4275,636.7175,638.8565
2016-10-18,638.8565,639.23325,633.395,635.755
2016-10-19,635.7575,637.52,625.33525,629.56
2016-10-20,629.275,630.0675,626.2205,628.9975
2016-10-21,628.8225,632.7775,628.745,631.265
2016-10-22,631.2225,658.33825,628.9595,656.06075
2016-10-23,656.13075,660.29875,650.35125,651.99325
2016-10-24,651.99575,652.64825,646.79,649.99
2016-10-25,650.0975,659.365,649.47075,653.11975
2016-10-26,653.07225,677.365,652.42975,674.357
2016-10-27,674.3295,685.92775,672.554,685.677
2016-10-28,685.6295,689.151,682.33275,688.7125
2016-10-29,688.7125,720.315,688.245,713.5875
2016-10-30,713.58,713.7225,692.6315,698.44925
2016-10-31,698.44425,707.02675,684.06,697.69475
2016-11-01,697.7125,736.895,696.9475,730.2385
2016-11-02,730.2385,742.415,721.10825,742.415
2016-11-03,742.4175,745.8795,674.74925,688.57725
2016-11-04,688.973,706.663,683.23525,705.4965
2016-11-05,705.4915,710.02775,698.671,705.8145
2016-11-06,705.70275,716.70975,701.39225,713.39925
2016-11-07,713.40175,713.47175,701.0145,706.23375
2016-11-08,705.4305,714.62,703.7025,711.2375
2016-11-09,710.99,742.01475,708.9755,721.585
2016-11-10,721.5925,722.89175,707.22,713.0925
2016-11-11,713.1175,718.86175,712.552,716.5675
2016-11-12,716.4825,716.895,702.4475,702.78
2016-11-13,702.5275,704.3695,685.29775,702.0125
2016-11-14,702.0125,707.63975,697.33525,706.641
2016-11-15,706.951,716.3975,697.476,711.82
2016-11-16,711.62,742.6425,710.04,740.28825
2016-11-17,739.91,751.8785,735.2,735.395
2016-11-18,735.30725,750.98275,732.6975,749.9355
2016-11-19,749.938,755.0925,741.22725,751.11
2016-11-20,751.11,753.4125,713.454,729.02925
2016-11-21,728.96175,738.645,728.1795,737.2625
2016-11-22,737.25975,750.1375,732.78,748.4975
2016-11-23,748.475,748.82,731.945,741.5225
2016-11-24,741.52,743.95225,728.5855,737.5125
2016-11-25,737.5125,740.381,730.419,740.21
2016-11-26,740.125,740.7025,725.505,733.54
2016-11-27,733.5375,735.2975,727.8025,728.71
2016-11-28,728.69875,734.0925,728.38,731.6175
2016-11-29,731.72075,733.95,729.0825,732.0125
2016-11-30,732.03,744.15,730.94375,742.339
2016-12-01,742.294,754.8175,741.92275,753.00475
2016-12-02,753.00725,779.189,752.80225,771.92975
2016-12-03,772.29275,772.43025,758.4275,764.73625
2016-12-04,765.54925,768.193,762.0175,766.17
2016-12-05,766.1575,766.41725,745.93075,751.94725
2016-12-06,751.76725,759.6525,751.16675,758.86325
2016-12-07,758.7975,769.47,752.60925,764.42775
2016-12-08,764.44275,773.14975,762.41,767.687
2016-12-09,767.826,772.755,767.1875,771.142
2016-12-10,771.33,776.0725,770.9295,773.735
2016-12-11,773.8795,773.89275,764.81,770.61025
2016-12-12,770.61025,780.69325,769.878,778.3885
2016-12-13,778.4935,789.95575,769.03025,777.3975
2016-12-14,777.26,780.39575,772.85,777.29725
2016-12-15,777.2825,779.71225,775.7675,776.265
2016-12-16,776.465,783.3925,774.24,782.5475
2016-12-17,782.515,791.35,782.08,789.86225
2016-12-18,789.96975,791.2275,786.3825,790.95525
2016-12-19,790.51225,793.60275,789.6125,791.135
2016-12-20,790.974,801.945,788.8,799.95225
2016-12-21,799.69725,831.968,797.296,831.745
2016-12-22,831.66725,874.7285,828.97,858.6175
2016-12-23,858.4875,919.87,857.952,916.14
2016-12-24,916.2675,918.76625,883.4525,894.18
2016-12-25,894.18475,897.49175,856.43475,895.14225
2016-12-26,895.09475,911.57,893.2565,901.61775
2016-12-27,901.79525,938.1025,899.11775,930.2575
2016-12-28,930.2555,981.15475,930.2555,979.65775
2016-12-29,980.1475,984.1775,950.9375,972.0525
2016-12-30,972.1025,972.105,929.58425,961.29225
2016-12-31,961.46975,970.4175,945.98075,970.4175
2017-01-01,970.3925,1003.07925,963.8445,996.34775
2017-01-02,997.19425,1033.6025,994.20275,1015.50275
2017-01-03,1015.23525,1038.3545,1012.72,1032.2975
2017-01-04,1032.63475,1144.13,1031.7675,1130.39975
2017-01-05,1130.46475,1152.19975,881.89,1005.6425
2017-01-06,1005.245,1033.78725,876.55525,894.70325
2017-01-07,895.3345,908.817,817.1625,907.65
2017-01-08,908.811,943.50575,890.3075,915.99975
2017-01-09,915.68975,916.07475,880.83,901.73
2017-01-10,901.708,913.365,897.75,906.91425
2017-01-11,906.914,921.90675,762.8875,785.9935
2017-01-12,784.3,835.235,750.82475,808.3385
2017-01-13,808.5425,833.29475,779.3625,829.5125
2017-01-14,829.4545,842.58175,816.005,822.65275
2017-01-15,823.5745,828.45725,814.6585,827.50975
2017-01-16,827.5295,837.59725,823.73325,833.5115
2017-01-17,833.499,911.50725,832.231,906.14325
2017-01-18,906.15575,915.785,852.12,888.24775
2017-01-19,888.2655,908.4975,884.44525,902.2675
2017-01-20,902.6045,904.41825,885.005,896.68225
2017-01-21,896.17725,928.4665,895.355,924.1545
2017-01-22,924.1545,940.0945,894.225,926.2425
2017-01-23,925.7975,928.315,915.3295,915.347
2017-01-24,915.4625,924.5965,882.9965,885.91375
2017-01-25,885.345,902.3775,885.3385,895.3225
2017-01-26,895.465,920.79,895.4575,916.094
2017-01-27,916.337,923.6575,910.9125,920.98975
2017-01-28,920.8425,922.60975,919.05,920.80725
2017-01-29,921.145,922.85175,914.8805,914.968
2017-01-30,915.2525,923.852,913.4325,921.45
2017-01-31,921.2325,971.27975,920.9575,968.74725
2017-02-01,968.354,988.8125,964.44475,988.57725
2017-02-02,988.60675,1011.861,977.23125,1008.7165
2017-02-03,1008.7165,1026.05975,993.59025,1016.8
2017-02-04,1016.885,1042.68025,1003.6865,1032.77575
2017-02-05,1033.64925,1034.32225,1004.095,1014.2965
2017-02-06,1014.03,1029.0575,1012.61,1024.3925
2017-02-07,1024.4775,1055.169,1023.0475,1053.2145
2017-02-08,1053.7325,1069.42125,1024.9325,1054.2095
2017-02-09,1054.08675,1078.15775,940.79025,989.33
2017-02-10,988.85525,1009.08,954.692,1000.4665
2017-02-11,999.316,1018.55,996.33025,1013.906
2017-02-12,1013.555,1013.8575,1002.37775,1004.87925
2017-02-13,1004.88075,1013.27725,983.6975,1000.24275
2017-02-14,1000.9045,1020.2875,991.8535,1013.098
2017-02-15,1013.098,1016.0175,1004.6955,1013.87
2017-02-16,1013.8825,1042.7375,1013.63475,1036.4605
2017-02-17,1036.173,1062.57975,1035.93275,1056.14375
2017-02-18,1056.2,1069.40925,1053.4575,1059.32475
2017-02-19,1059.315,1063.2525,1046.0755,1055.5025
2017-02-20,1055.497,1089.9385,1047.73025,1086.9075
2017-02-21,1086.945,1131.1325,1080.77725,1128.762
2017-02-22,1128.43275,1140.132,1105.7,1128.23225
2017-02-23,1128.52725,1194.5525,1125.325,1184.5075
2017-02-24,1182.03525,1214.95425,1090.1295,1183.9425
2017-02-25,1183.91975,1185.33675,1122.48575,1151.451
2017-02-26,1151.42325,1185.01,1133.9675,1178.2475
2017-02-27,1178.6,1197.4425,1170.135,1193.79025
2017-02-28,1194.2025,1210.74025,1179.901,1190.3725
2017-03-01,1191.577,1230.0525,1163.49,1227.5725
2017-03-02,1227.975,1286.98875,1215.71725,1260.105
2017-03-03,1260.245,1292.4275,1255.19,1285.79225
2017-03-04,1285.8425,1286.73,1237.26,1266.309
2017-03-05,1267.1425,1274.9885,1245.0575,1273.4885
2017-03-06,1272.646,1284.53975,1265.1915,1281.84
2017-03-07,1281.84,1283.53275,1151.20025,1232.90425
2017-03-08,1235.49125,1242.8465,1141.6175,1148.76175
2017-03-09,1148.5845,1209.32625,1129.12425,1193.146
2017-03-10,1193.17125,1330.9675,977.5025,1111.5675
2017-03-11,1111.147,1200.355,1107.795,1180.56725
2017-03-12,1178.36375,1238.295,1170.01,1229.79975
2017-03-13,1229.67225,1246.236,1211.3375,1241.2
2017-03-14,1241.20025,1259.5025,1227.4395,1246.36875
2017-03-15,1246.78225,1261.01,1244.6155,1258.7475
2017-03-16,1259.25,1261.7895,1104.7025,1172.03
2017-03-17,1171.875,1172.0275,1047.465,1058.0875
2017-03-18,1059.44725,1090.145,938.925,964.872
2017-03-19,963.87475,1052.745,963.867,1016.50675
2017-03-20,1012.5125,1047.1875,999.41,1038.1325
2017-03-21,1038.64725,1116.235,1038.31975,1113.247
2017-03-22,1113.1525,1113.377,987.364,1035.5275
2017-03-23,1036.915,1053.175,1013.36,1027.955
2017-03-24,1028.493,1032.14,920.515,930.5155
2017-03-25,930.14425,968.8975,889.28775,959.39475
2017-03-26,959.4425,997.99725,942.86,965.52375
2017-03-27,964.745,1043.76,956.555,1041.71525
2017-03-28,1041.71025,1066.2255,1017.17175,1044.42775
2017-03-29,1044.1775,1057.797,1009.0645,1040.9225
2017-03-30,1040.88775,1051.285,1024.22525,1039.4475
2017-03-31,1039.45275,1088.5135,1037.84025,1080.825
2017-04-01,1081.0825,1105.1925,1070.04775,1089.414
2017-04-02,1089.4165,1112.1785,1077.86,1101.72725
2017-04-03,1101.1815,1160.355,1101.15775,1149.6845
2017-04-04,1149.96825,1161.78075,1125.455,1144.5045
2017-04-05,1144.50225,1146.12075,1114.29175,1135.115
2017-04-06,1135.88975,1205.491,1135.1675,1192.62
2017-04-07,1192.63,1202.5325,1176.8225,1192.8025
2017-04-08,1192.8025,1198.13725,1170.1125,1183.875
2017-04-09,1183.87475,1218.287,1177.0355,1209.5625
2017-04-10,1209.211,1218.175,1200.29275,1210.28
2017-04-11,1210.465,1231.6425,1201.65275,1222.55975
2017-04-12,1222.56225,1227.14025,1211.905,1215.90225
2017-04-13,1215.89375,1219.0095,1148.784,1175.4925
2017-04-14,1175.40625,1195.097,1164.296,1176.89275
2017-04-15,1176.5385,1192.692,883.6215,1175.4995
2017-04-16,1176.265,1185.68975,1167.75,1174.827
2017-04-17,1174.736,1194.6845,1171.85775,1189.44
2017-04-18,1190.437,1210.7575,1189.79625,1202.68775
2017-04-19,1202.712,1210.57025,1193.925,1208.46
2017-04-20,1209.6625,1243.0945,1209.66225,1237.66675
2017-04-21,1237.85075,1255.10725,1237.80325,1248.14975
2017-04-22,1248.142,1248.9825,1214.72,1240.837
2017-04-23,1240.149,1248.2775,1231.54,1246.07
2017-04-24,1246.0525,1257.9215,1241.2935,1254.399
2017-04-25,1254.56,1282.2125,1253.4455,1277.1975
2017-04-26,1277.87225,1315.9975,1275.08575,1292.96525
2017-04-27,1292.7275,1348.599,1291.28275,1340.1325
2017-04-28,1340.57575,1361.61,1299.03,1339.9675
2017-04-29,1340.68,1349.8145,1325.75275,1346.359
2017-04-30,1347.18925,1365.00775,1325.1695,1362.02675
2017-05-01,1361.5115,1445.99575,1355.475,1416.3535
2017-05-02,1416.35425,1480.811,1409.1765,1459.97
2017-05-03,1459.74525,1523.32925,1446.842,1516.94225
2017-05-04,1516.9495,1638.1375,1463.0675,1546.50875
2017-05-05,1546.062,1613.7675,1511.53375,1532.79025
2017-05-06,1531.90075,1580.3385,1531.718,1564.9555
2017-05-07,1563.9855,1578.0345,1532.9475,1567.7285
2017-05-08,1568.2035,1680.83275,1566.1525,1679.74725
2017-05-09,1679.36375,1772.15375,1647.144,1720.49225
2017-05-10,1720.44025,1793.9025,1689.4875,1785.7075
2017-05-11,1786.18225,1887.49725,1761.88475,1834.13475
2017-05-12,1833.23275,1836.30625,1649.754,1694.987
2017-05-13,1694.6795,1784.14,1607.54,1783.725
2017-05-14,1783.8025,1819.50725,1757.6775,1791.51
2017-05-15,1791.0825,1792.87,1695.6775,1733.9275
2017-05-16,1734.075,1766.15875,1692.27,1758.605
2017-05-17,1758.51275,1844.13525,1738.2175,1811.2115
2017-05-18,1810.2125,2008.8075,1803.232,1893.425
2017-05-19,1893.25525,1971.6685,1882.11275,1965.25825
2017-05-20,1965.52825,2042.568,1957.5475,2039.82475
2017-05-21,2039.0985,2088.00425,1985.5375,2027.914
2017-05-22,2026.94175,2236.3325,1976.5975,2102.6455
2017-05-23,2099.843,2260.7425,2096.87025,2257.54175
2017-05-24,2258.45875,2469.47,2257.64175,2426.00125
2017-05-25,2424.485,2754.82825,2250.275,2309.3925
2017-05-26,2307.305,2616.81825,2049.39,2255.89975
2017-05-27,2257.06025,2329.6125,1878.5375,2061.69
2017-05-28,2058.6665,2311.985,2057.9915,2194.89325
2017-05-29,2192.41325,2342.3255,2113.45775,2275.28825
2017-05-30,2278.265,2320.74775,2141.995,2187.87925
2017-05-31,2187.16125,2331.78225,2163.23,2299.05525
2017-06-01,2299.13525,2462.05,2299.01275,2411.24
2017-06-02,2411.47025,2486.8375,2377.1615,2484.78825
2017-06-03,2484.3505,2590.23725,2454.65325,2548.40475
2017-06-04,2547.7505,2564.72125,2473.635,2523.05775
2017-06-05,2523.44,2694.335,2520.065,2693.8575
2017-06-06,2694.10725,2928.00725,2690.1825,2874.815
2017-06-07,2874.7825,2887.0325,2616.0445,2687.16775
2017-06-08,2688.3155,2808.973,2617.45,2804.34025
2017-06-09,2803.88975,2858.75975,2788.515,2814.29675
2017-06-10,2813.21075,2911.01225,2803.3745,2887.79475
2017-06-11,2887.5385,2962.436,2855.28575,2959.51975
2017-06-12,2959.5215,2973.53,2456.2575,2647.128
2017-06-13,2644.268,2781.816,2636.845,2709.5225
2017-06-14,2710.2675,2805.693,2328.7,2448.614
2017-06-15,2449.948,2508.38575,2078.68475,2419.93925
2017-06-16,2419.955,2518.14725,2305.55775,2480.01325
2017-06-17,2480.019,2673.4415,2426.4895,2636.35575
2017-06-18,2637.5195,2665.52725,2461.25,2512.4655
2017-06-19,2513.206,2594.49325,2485.14825,2593.707
2017-06-20,2593.70975,2777.147,2585.8455,2726.08
2017-06-21,2724.595,2776.18325,2587.98875,2647.6145
2017-06-22,2648.01725,2731.3975,2594.70175,2692.00925
2017-06-23,2691.9925,2732.18,2668.43525,2682.11
2017-06-24,2682.11,2711.73075,2508.2675,2563.22275
2017-06-25,2565.143,2621.7195,2425.7625,2498.21975
2017-06-26,2498.899,2549.18825,2276.6395,2412.4375
2017-06-27,2412.2785,2563.636,2270.84125,2562.3475
2017-06-28,2562.5,2598.0425,2465.3705,2555.50275
2017-06-29,2553.276,2587.2595,2508.2925,2536.8885
2017-06-30,2536.3835,2552.12575,2439.64,2455.4225
2017-07-01,2455.01,2505.275,2386.025,2411.277
2017-07-02,2413.625,2529.57975,2373.2225,2508.61025
2017-07-03,2507.23275,2587.1775,2478.0475,2545.1375
2017-07-04,2542.5375,2636.4125,2542.5325,2600.95775
2017-07-05,2600.217,2628.6875,2544.535,2614.07675
2017-07-06,2613.915,2619.5705,2569.95,2604.10025
2017-07-07,2603.76775,2607.9425,2469.36275,2500.832
2017-07-08,2500.832,2554.12725,2467.5575,2551.69925
2017-07-09,2551.43925,2566.796,2500.10675,2502.82275
2017-07-10,2503.035,2521.595,2260.2575,2330.78225
2017-07-11,2330.02425,2402.87875,2255.05425,2305.81
2017-07-12,2304.7,2409.125,2242.175,2382.2715
2017-07-13,2381.49625,2418.275,2314.46475,2339.968
2017-07-14,2340.53025,2351.16525,2141.94,2214.94925
2017-07-15,2213.912,2219.781,1965.898,1968.5575
2017-07-16,1968.04475,2041.04475,1799.3185,1910.16225
2017-07-17,1909.64,2228.2875,1909.6175,2226.815
2017-07-18,2226.8025,2393.5075,2149.33625,2306.755
2017-07-19,2307.86525,2399.477,2221.0325,2260.872
2017-07-20,2260.947,2944.9775,2260.9445,2873.343
2017-07-21,2874.578,2883.5075,2614.23325,2664.86
2017-07-22,2665.0125,2873.835,2648.7455,2831.788
2017-07-23,2830.43975,2851.51,2669.61,2756.4875
2017-07-24,2758.61,2799.76,2716.465,2759.1595
2017-07-25,2759.007,2775.42,2449.46,2560.773
2017-07-26,2563.0025,2608.86,2406.7875,2525.125
2017-07-27,2525.54725,2688.2375,2512.9075,2667.4255
2017-07-28,2667.8245,2829.16475,2659.14175,2787.3175
2017-07-29,2789.56025,2792.99175,2675.4455,2700.72725
2017-07-30,2700.985,2756.992,2606.0185,2753.8375
2017-07-31,2754.68475,2905.1225,2708.7645,2865.02325
2017-08-01,2865.02575,2933.28525,2642.4075,2730.15425
2017-08-02,2730.39375,2756.276,2650,2701.9125
2017-08-03,2701.9375,2802.21,2700.63,2790.2135
2017-08-04,2790.2135,2874.5925,2765.08725,2858.3245
2017-08-05,2857.32675,3338.805,2855.4865,3253.94
2017-08-06,3253.915,3284.584,3155.78,3224.683
2017-08-07,3223.681,3423.94425,3188.01325,3393.065
2017-08-08,3393.0625,3486.2225,3342.505,3421.6175
2017-08-09,3420.8425,3429.277,3240.315,3351.6645
2017-08-10,3351.195,3450.48375,3322.3225,3428.36225
2017-08-11,3427.63225,3716.8775,3417.28375,3652.8
2017-08-12,3654.372,3958.915,3614.64825,3869.2565
2017-08-13,3870.3575,4190.486,3846.91125,4061.17
2017-08-14,4061.17,4334.3765,3972.9675,4325.198
2017-08-15,4327.45025,4433.935,3815.2525,4160.66
2017-08-16,4160.14,4375.44625,3935.505,4369.215
2017-08-17,4363.255,4475.5,4220.9275,4282.99
2017-08-18,4278.9825,4355.43075,3978.83,4111.3
2017-08-19,4108.55,4189.9475,3980.55125,4145.45075
2017-08-20,4144.86175,4163.06475,4043.848,4059.4735
2017-08-21,4058.90275,4089.36775,3963.115,3997.2735
2017-08-22,3997.6945,4147.2975,3605.49,4093.795
2017-08-23,4092.045,4255.41,4070.875,4137.42825
2017-08-24,4140.595,4357.4975,4112.3025,4315.0655
2017-08-25,4317.25975,4453.25,4293.52,4369.55475
2017-08-26,4367.73,4376.655,4286.1075,4350.17475
2017-08-27,4352.3375,4391.63475,4316.2475,4339.2825
2017-08-28,4338.187,4398.59,4192.61725,4383.1945
2017-08-29,4384.41475,4648.6825,4345.41,4589.49475
2017-08-30,4589.497,4636.47225,4491.4675,4579.695
2017-08-31,4580.025,4764.245,4576.13,4737.9375
2017-09-01,4737.875,4928.4525,4701.0825,4928.3975
2017-09-02,4928.4025,4976.225,4510.595,4630.785
2017-09-03,4628.8975,4731.8925,4460.7425,4621.195
2017-09-04,4620.55,4628.445,4143.2775,4349.555
2017-09-05,4350.99,4504.995,4104.0175,4421.515
2017-09-06,4419.9775,4659.2075,4412.9175,4618.1875
2017-09-07,4620.565,4681.7325,4502.7325,4630.5925
2017-09-08,4630.5425,4683.4925,4142.275,4348.31
2017-09-09,4352.1875,4418.47,4188.1075,4327.6375
2017-09-10,4334.1425,4341.5375,4094.0275,4252.04
2017-09-11,4252.0875,4370.4425,4119.42,4213.48
2017-09-12,4211,4380.3825,4095.5025,4166.5575
2017-09-13,4166.8175,4177.3075,3743.25,3864.4675
2017-09-14,3863.3025,3927.9325,3220.715,3243.755
2017-09-15,3243.7025,3835.4575,2979.29,3722.37
2017-09-16,3722.365,3916.23,3583.14,3709.305
2017-09-17,3706.84,3812.58,3494.3225,3704.605
2017-09-18,3704.5475,4119.175,3700.86,4097.7825
2017-09-19,4098.4325,4117.22,3853.4725,3903.3275
2017-09-20,3903.6525,4046.1225,3833.05,3868.905
2017-09-21,3866.2925,3905.83,3575.5,3618.79
2017-09-22,3616.485,3759.0425,3517.7075,3614.7375
2017-09-23,3612.495,3817.7525,3570.6,3784.775
2017-09-24,3785.39,3786.6725,3624.9675,3668.48
2017-09-25,3668.5025,3961.8275,3666.3475,3919.565
2017-09-26,3919.955,3964.4725,3852.6525,3886.04
2017-09-27,3885.12,4230.03,3875.035,4204.4
2017-09-28,4205.1875,4270.3825,3968.6025,4188.065
2017-09-29,4189.0725,4216.87,4021.87,4165.45
2017-09-30,4164.755,4351.2775,4157.9775,4334.18
2017-10-01,4334.1575,4387.42,4244.3625,4386.1175
2017-10-02,4385.195,4460.01,4361.5575,4392.8975
2017-10-03,4392.855,4422.5875,4236.505,4308.205
2017-10-04,4309.155,4344.7225,4183.0125,4218.055
2017-10-05,4218.1075,4361.955,4148.32,4315.975
2017-10-06,4314.82,4412.4025,4296.875,4362.865
2017-10-07,4361.1525,4448.67,4318.5925,4426.3275
2017-10-08,4423.9825,4611.135,4414.04,4598.9925
2017-10-09,4599.5925,4867.7125,4552.9325,4764.3575
2017-10-10,4764.3,4917.6025,4709.685,4751.0025
2017-10-11,4749.88,4869.4875,4714.0975,4818.3625
2017-10-12,4818.2125,5438.4025,4808.58,5438.095
2017-10-13,5437.87,5849.17,5389.655,5638.67
2017-10-14,5635.3575,5814.035,5564.5275,5805.1025
2017-10-15,5803.5325,5838.01,5445.65,5687.0025
2017-10-16,5686.3575,5783.465,5575.9275,5746.995
2017-10-17,5748.59,5766.24,5523.45,5597.5175
2017-10-18,5596.175,5605.7375,5111.495,5576.305
2017-10-19,5576.4975,5737.7025,5525.9275,5698.2525
2017-10-20,5700.5275,6054.22,5616.68,5987.355
2017-10-21,5985.1475,6180.65,5897.4675,6023.475
2017-10-22,6022.02,6073.8075,5743.09,5986.655
2017-10-23,5983.725,6052.24,5655.44,5894.89
2017-10-24,5894.505,5897.205,5477.37,5527.885
2017-10-25,5526.6575,5760.4175,5383.095,5745.0775
2017-10-26,5745.995,5985.28,5702.4975,5890.4075
2017-10-27,5890.28,5992.4775,5703.0525,5777.7525
2017-10-28,5778.0875,5885.545,5683.98,5740.6775
2017-10-29,5740.93,6277.7175,5712.305,6135.035
2017-10-30,6135.395,6213.4,6029.0825,6123.335
2017-10-31,6123.3375,6457.5575,6089.755,6439.52
2017-11-01,6442.4775,6759.315,6362.095,6752.05
2017-11-02,6752.9125,7354.785,6742.685,7028.69
2017-11-03,7031.9425,7454.1925,6942.17,7156.8525
2017-11-04,7156.4575,7501.995,7022.6775,7385.7075
2017-11-05,7384.7975,7595.945,7298.75,7384.79
2017-11-06,7383.5975,7424.34,6942.015,6970.3625
2017-11-07,6970.6775,7232.045,6961.9125,7123.6775
2017-11-08,7124.5425,7859.41,7088.475,7461.8275
2017-11-09,7464.64,7475.395,7087.13,7151.9725
2017-11-10,7153.275,7355.5975,6423.86,6583.4775
2017-11-11,6579.505,6838.9975,6204.9025,6342.9575
2017-11-12,6342.9425,6470.47,5504.3575,5871.5225
2017-11-13,5861.4375,6815.87,5824,6534.585
2017-11-14,6535.965,6757.205,6495.4575,6620.3375
2017-11-15,6620.3375,7335.235,6620.3375,7285.1625
2017-11-16,7285.1625,7925.54,7125.375,7822.1575
2017-11-17,7823.41,7976.625,7544.3,7690.6425
2017-11-18,7689.6925,7850.7825,7457.07,7777.645
2017-11-19,7779.9,8069.8825,7684.045,8023.845
2017-11-20,8023.8475,8278.225,7933.5025,8240.5725
2017-11-21,8237.24,8359.795,7811.635,8109.4225
2017-11-22,8106.3375,8302.0475,8086.1075,8239.0275
2017-11-23,8239.2525,8273.4675,8012.76,8015.01
2017-11-24,8014.675,8310.505,7883.0775,8199.295
2017-11-25,8199.705,8752.625,8148.94,8745.7775
2017-11-26,8746.23,9454.8775,8740.5175,9288.17
2017-11-27,9290.1525,9714.24,9287.9525,9704.9725
2017-11-28,9709.395,9945.1975,9613.95,9889.88
2017-11-29,9897.0825,11424.49,9341.355,9845.9375
2017-11-30,9838.725,10742.415,9093.32,9968.3925
2017-12-01,9963.125,10949.89,9457.7925,10879.1425
2017-12-02,10876.895,11168.775,10701.76,10897.8125
2017-12-03,10898.7325,11827.7475,10605.295,11251.5775
2017-12-04,11253.3025,11642.4775,10927.5,11640.9725
2017-12-05,11640.975,11858.5025,11491.6025,11710.6875
2017-12-06,11707.4825,13926.07,11702.9725,13796.59
2017-12-07,13795.39,16880.3225,13474.54,16734.75
2017-12-08,16734.75,17237.6425,13938.475,16084.735
2017-12-09,16084.7025,16249.12,13672.3975,14910.3425
2017-12-10,14908.725,15821.25,13207.35,15037.4975
2017-12-11,15037.47,17395.975,14987.5725,16683.4875
2017-12-12,16681.0125,17604.6025,16258.05,17162.905
2017-12-13,17164.155,17345.385,15791.115,16387.6525
2017-12-14,16382.71,16937.715,16103.19,16552.415
2017-12-15,16552.5425,17904.6325,16522.155,17613.6675
2017-12-16,17615.29,19574.3,17507.62,19423.67
2017-12-17,19423.6725,19785.225,18771.635,19128.2725
2017-12-18,19128.3225,19286.4725,18135.8625,18948.92
2017-12-19,18948.8475,19034.48,16856.735,17694.81
2017-12-20,17693.06,17814.865,15564,16445.165
2017-12-21,16444.4175,17227.2375,14908.225,15584.7025
2017-12-22,15585.775,15777.955,10853.8575,14023.615
2017-12-23,14027.3175,15877.805,13643.6375,14814.6275
2017-12-24,14816.7525,14893.5575,12700.75,14059.955
2017-12-25,14047.4525,14653.995,13294.8,13983.735
2017-12-26,13988.5425,16123.705,13904.1375,15800.17
2017-12-27,15799.8725,16490.855,14552.3975,15399.215
2017-12-28,15403.7275,15492.2,13567.735,14489.3725
2017-12-29,14485.4275,15103.37,14068.275,14470.21
2017-12-30,14472.9575,14537.41,12297.5,12688.9175
2017-12-31,12688.915,14253.5275,12537.5025,13888.3225
2018-01-01,13888.35,13963.745,12901.595,13441.9825
2018-01-02,13429.6775,15220.625,12970.8025,14770.635
2018-01-03,14768.6425,15441.1725,14630.1475,15145.865
2018-01-04,15146.1375,15442.4675,14255.155,15188.8125
2018-01-05,15188.815,17095.0275,14871.6,16955.8775
2018-01-06,16955.45,17203.9625,16242.645,17127.915
2018-01-07,17124.9825,17134.8725,15730.3725,16144.1975
2018-01-08,16154.5375,16238.135,13856.365,14999.085
2018-01-09,14997.6575,15377.1375,14221.215,14469.6625
2018-01-10,14467.64,14913.3675,13497.8825,14908.0475
2018-01-11,14902.8875,14982.41,12863.84,13339.265
2018-01-12,13340.805,13994.02,13027.6675,13729.9175
2018-01-13,13741.885,14953.2725,13722.1175,14240.0275
2018-01-14,14239.1,14377.165,13134.69,13660.4225
2018-01-15,13660.3975,14340.385,13431.5575,13600.735
2018-01-16,13594.04,13620.915,10058.455,11472.14
2018-01-17,11474.2225,11975.74,9144.25,11204.1375
2018-01-18,11208.7075,12157.87,10702.385,11284.275
2018-01-19,11295.1325,12016.845,11058.5075,11546.3875
2018-01-20,11548.37,13019.7975,11523.6775,12782.4175
2018-01-21,12790.825,12793.5775,11119.0025,11541.66
2018-01-22,11533.6325,11892.7475,10032.87,10791.7475
2018-01-23,10792,11400.0875,9968.15,10836.8675
2018-01-24,10836.1875,11476.25,10494.5075,11381.0325
2018-01-25,11381.04,11721.405,10863.6525,11136.71
2018-01-26,11132.7775,11607.6225,10297.33,11088.1575
2018-01-27,11080.6725,11554.0175,10835.65,11381.0975
2018-01-28,11379.915,11862.8375,11313.3825,11621.1475
2018-01-29,11618.87,11696.7,10959.1975,11142.7425
2018-01-30,11141.41,11185.2575,9735.81,9988.305
2018-01-31,9989.605,10313.4975,9552.6075,10115.7975
2018-02-01,10117.77,10160.26,8450.975,9012.8875
2018-02-02,9017.205,9097.4725,7593.5625,8811.005
2018-02-03,8800.3925,9474.33,8108.7525,9213.725
2018-02-04,9213.055,9346.6225,7821.3,8163.0125
2018-02-05,8164.595,8342.005,6518.4875,6878.9575
2018-02-06,6878.5575,7984.935,5894.085,7696.395
2018-02-07,7700.555,8626.15,7197.1975,7576.405
2018-02-08,7577.425,8632.2125,7560.75,8227.215
2018-02-09,8229.2975,8724.0075,7751.7475,8685.7175
2018-02-10,8685.915,9076.25,8156.785,8554.1725
2018-02-11,8553.745,8559.8275,7841.965,8067.4975
2018-02-12,8072.7625,8979.2125,8067.6425,8894.395
2018-02-13,8889.6225,8937.6475,8381.8825,8519.9425
2018-02-14,8515.9125,9506.825,8515.76,9483.4825
2018-02-15,9479.985,10242.3025,9345.18,10025.8525
2018-02-16,10024.95,10307.695,9709.3425,10183.905
2018-02-17,10185.515,11132.4575,10051.7325,11105.625
2018-02-18,11110.27,11292.8625,10168.2875,10408.5275
2018-02-19,10413.595,11263.8975,10323.085,11161.255
2018-02-20,11159.1375,11767.5225,11060.84,11229.375
2018-02-21,11231.2975,11284.565,10248.4475,10461.6925
2018-02-22,10463.125,10937.4225,9725.3575,9835.875
2018-02-23,9833.5425,10404.29,9580.5825,10157.6025
2018-02-24,10145.325,10520.1575,9376.525,9690.955
2018-02-25,9690.5225,9872.6275,9305.925,9590.7575
2018-02-26,9592.1075,10453.3975,9393.7775,10311.7
2018-02-27,10314.195,10855.9925,10131.1825,10561.5825
2018-02-28,10564.57,11052.2625,10261.2175,10306.8075
2018-03-01,10307.0275,11073.5725,10217.36,10905
2018-03-02,10908.51,11175.7525,10781.73,11022.265
2018-03-03,11022.7575,11501.6625,11022.755,11434.805
2018-03-04,11437.92,11509.25,11055.3775,11478.115
2018-03-05,11479.9675,11660.37,11395.0975,11407.6725
2018-03-06,11405.4475,11409.7325,10563.8075,10713.0325
2018-03-07,10709.57,10898.005,9421.5,9906.3225
2018-03-08,9905.6175,10112.8175,9044.7375,9291.47
2018-03-09,9296.865,9413.215,8376.5025,9246.625
2018-03-10,9241.335,9512.235,8700.4225,8777.0275
2018-03-11,8781.1775,9761.4225,8521.5375,9531.515
2018-03-12,9534.0825,9894.15,8763.14,9113.485
2018-03-13,9113.8825,9481.9375,8840.35,9143.8875
2018-03-14,9146.5875,9356.1975,7928.7275,8194.1825
2018-03-15,8193.8125,8416.73,7664.5525,8260.1575
2018-03-16,8257.5025,8607.395,7896.2225,8263.8375
2018-03-17,8262.1575,8346.7025,7733.09,7858.73
2018-03-18,7856.3225,8283.055,7318.255,8190.1825
2018-03-19,8194.5075,8743.3275,8104.895,8598.785
2018-03-20,8596.1975,9041.065,8316.6275,8903.3125
2018-03-21,8906.735,9182.975,8754.3175,8892.0325
2018-03-22,8890.7475,9096.445,8492.9225,8710.45
2018-03-23,8710.805,8923.3775,8274.5125,8922.4225
2018-03-24,8922.0475,9012.25,8499.7525,8537.1675
2018-03-25,8532.615,8678.825,8371.3375,8452.085
2018-03-26,8453.6575,8496.2725,7847.0625,8143.28
2018-03-27,8146.1025,8220.85,7747.3425,7791.6175
2018-03-28,7792.47,8100.1225,7732.155,7940.075
2018-03-29,7938.2575,7963.38,6908.445,7083.77
2018-03-30,7082.3125,7267.3475,6587.75,6835.18
2018-03-31,6832.585,7212.2725,6790.9925,6922.18
2018-04-01,6923.4725,7039.825,6442.4125,6812.6375
2018-04-02,6815.535,7113.6025,6768.825,7050.615
2018-04-03,7050.59,7514.135,7012.4875,7418.625
2018-04-04,7417.265,7424.95,6707.635,6794.085
2018-04-05,6793.94,6930.155,6574.7025,6774.51
2018-04-06,6774.98,6847.675,6511.87,6611.62
2018-04-07,6613.3875,7070.1625,6602.9875,6897
2018-04-08,6894.8,7101.1275,6890.775,7021.1225
2018-04-09,7023.35,7175.6525,6612.7225,6773.91
2018-04-10,6775.9125,6887.27,6653.3725,6830.335
2018-04-11,6827.5825,6967.875,6806.64,6941.09
2018-04-12,6941.0675,8143.595,6763.355,7920.0175
2018-04-13,7919.9375,8227.1375,7748.225,7887.1375
2018-04-14,7884.3575,8193.325,7828.63,8001.6225
2018-04-15,8002.395,8407.9975,7999.7525,8357.55
2018-04-16,8360.46,8414.065,7904.2125,8051.6125
2018-04-17,8053.2675,8164.7675,7812.28,7891.5925
2018-04-18,7891.5725,8246.345,7873.845,8165.4725
2018-04-19,8165.995,8298.9325,8093.785,8272.5775
2018-04-20,8270.95,8934.82,8218.5275,8862.335
2018-04-21,8865.4125,9042.33,8612.52,8925.1825
2018-04-22,8925.0125,9027.5975,8760.65,8799.1925
2018-04-23,8793,9004.8725,8776.895,8941.3375
2018-04-24,8941.3275,9738.68,8933.2575,9651.1975
2018-04-25,9651.265,9757.9425,8721.5525,8862.92
2018-04-26,8860.7875,9314.5075,8643.385,9279.735
2018-04-27,9277.9025,9375.2175,8901.0425,8921.945
2018-04-28,8919.4725,9422.335,8866.085,9339.5325
2018-04-29,9337.5275,9527.7225,9178.02,9396.8725
2018-04-30,9396.505,9444.995,9115.1725,9243.395
2018-05-01,9245.66,9247.665,8827.3225,9070.0825
2018-05-02,9068.375,9256.795,8982.5575,9210.32
2018-05-03,9216.425,9794.525,9163.9625,9730.3925
2018-05-04,9730.955,9766.9725,9502.0225,9690.46
2018-05-05,9687.03,9947.075,9671.14,9807.7725
2018-05-06,9808.41,9896.675,9382.25,9607.08
2018-05-07,9606.715,9623.775,9179.25,9358.77
2018-05-08,9357.0025,9454.3825,9044.725,9174.9075
2018-05-09,9179.765,9367.1275,8962.065,9305.605
2018-05-10,9304.695,9387.725,8996.315,9015.02
2018-05-11,9011.27,9014.8225,8344.3725,8405.2475
2018-05-12,8412.0225,8650.3275,8221.0175,8475.4775
2018-05-13,8475.285,8763.6125,8334.64,8691.595
2018-05-14,8693.46,8890.145,8286.5525,8671.9725
2018-05-15,8671.16,8854.9325,8422.6,8472.7075
2018-05-16,8477.035,8497.69,8097.9075,8345.1075
2018-05-17,8343.13,8492.6575,7994.95,8062.51
2018-05-18,8060.29,8278.38,7927.11,8237.32
2018-05-19,8237.35,8392.75,8155.305,8235.1525
2018-05-20,8232.7625,8596.675,8168.295,8517.3525
2018-05-21,8518.55,8588.5225,8309.28,8392.9275
2018-05-22,8395.665,8405.625,7948.705,7986.6625
2018-05-23,7986.66,8030.365,7438.905,7501.415
2018-05-24,7504.48,7731.265,7269.4175,7578.88
2018-05-25,7578.63,7658.2225,7326.89,7464.735
2018-05-26,7464.21,7635.705,7291.785,7334.285
2018-05-27,7333.0325,7398.3175,7217.2675,7342.2625
2018-05-28,7342.575,7445.8975,7080.625,7105.2875
2018-05-29,7106.43,7530.1275,7047.96,7463.0125
2018-05-30,7463.0625,7558.625,7268.84,7379.63
2018-05-31,7376.2725,7600.8225,7335.28,7486.93
2018-06-01,7488.63,7608.6075,7351.8425,7512.7825
2018-06-02,7512.7625,7689.6025,7439.78,7639.51
2018-06-03,7638.0325,7784.65,7586.9425,7709.2075
2018-06-04,7711.3325,7755.2775,7449.65,7492.7825
2018-06-05,7494.94,7672.87,7351.6825,7615.6225
2018-06-06,7615.6225,7694.0875,7482.75,7657.825
2018-06-07,7654.67,7748,7629.97,7686.2175
2018-06-08,7682.9375,7693.505,7540.745,7624
2018-06-09,7623.3,7679.4675,7467.3075,7496.46
2018-06-10,7496.71,7496.71,6638.8,6772.345
2018-06-11,6772.42,6910.8125,6644.1775,6879.1525
2018-06-12,6879.1875,6880.3975,6451.3625,6549.9675
2018-06-13,6550.1575,6619.2475,6125.01,6300.4025
2018-06-14,6301.0525,6726.0575,6271.145,6641.2375
2018-06-15,6638.3125,6662.9725,6365.82,6389.6
2018-06-16,6390.1975,6550.1375,6331.975,6485.1175
2018-06-17,6486.11,6573.575,6428.7675,6446.43
2018-06-18,6446.3575,6796.775,6384.8075,6708.57
2018-06-19,6710.5125,6839.0425,6663.4875,6738.5225
2018-06-20,6735.1275,6812.8675,6555.6,6757.3675
2018-06-21,6757.7875,6785.7,6684.0825,6717.83
2018-06-22,6717.83,6728.125,5938.065,6059.7875
2018-06-23,6061.4675,6265.6225,6044.2525,6170.58
2018-06-24,6170.3175,6258.5525,5750.555,6150.87
2018-06-25,6149.015,6349.0525,6082.5725,6246.9125
2018-06-26,6247.1,6272.625,6039.4975,6070.8275
2018-06-27,6071.9775,6193.0575,5988.8925,6134.4525
2018-06-28,6134.0225,6161.265,5823.56,5852.18
2018-06-29,5849.745,6331.125,5784.4,6201.4975
2018-06-30,6201.865,6521.69,6190.0025,6386.4525
2018-07-01,6386.235,6430.165,6257.085,6347.705
2018-07-02,6346.33,6670.615,6271.56,6614.4
2018-07-03,6612.74,6668.8025,6466.96,6503.6175
2018-07-04,6503.975,6790.28,6384.445,6584.91
2018-07-05,6582.6825,6703.8,6447.8725,6530.5775
2018-07-06,6529.865,6638.86,6450.835,6593.61
2018-07-07,6596.785,6837.225,6509.735,6755.6275
2018-07-08,6755.2125,6780.3975,6675.1925,6703.5375
2018-07-09,6702.955,6807.3775,6618.75,6664.815
2018-07-10,6663.9525,6681.7425,6272.37,6301.69
2018-07-11,6302.4725,6398.47,6283.14,6381.985
2018-07-12,6381.685,6381.9025,6073.8275,6246.47
2018-07-13,6245.315,6337.625,6124.695,6214.195
2018-07-14,6212.52,6323.15,6185.5225,6248.2625
2018-07-15,6249.365,6384.7675,6232.29,6345.355
2018-07-16,6349.0475,6750.6175,6331.7325,6726.5175
2018-07-17,6726.41,7468.9225,6662.1425,7316.35
2018-07-18,7315.2775,7589.5425,7237.35,7374.955
2018-07-19,7378.99,7560.935,7284.2825,7470.0775
2018-07-20,7470.82,7682.6725,7258.8925,7330.025
2018-07-21,7330.025,7452.62,7209.2425,7405.8525
2018-07-22,7402.965,7575.105,7331.435,7398.9675
2018-07-23,7397.8875,7815.975,7375.7875,7718.3325
2018-07-24,7716.4725,8481.5825,7696.12,8397.7825
2018-07-25,8391.55,8481.435,8049.1775,8164.3025
2018-07-26,8163.9775,8301.5475,7848.015,7927.3375
2018-07-27,7927.3675,8273.3775,7795.3175,8184.1175
2018-07-28,8182.4175,8243.495,8061.025,8233.105
2018-07-29,8220.6775,8289.6625,8121.465,8215.66
2018-07-30,8215.5575,8279.9475,7850.78,8166.77
2018-07-31,8166.7975,8170.3475,7636.35,7725.9375
2018-08-01,7727.33,7755.135,7434.1525,7603.06
2018-08-02,7602.9125,7705.17,7457.3075,7535.2725
2018-08-03,7534.9075,7534.9075,7281.2725,7414.94
2018-08-04,7413.2475,7483.8675,6934.5975,7013.51
2018-08-05,7008.7875,7085.43,6886.575,7030.395
2018-08-06,7030.89,7166.2075,6837.13,6935.35
2018-08-07,6934.37,7150.9775,6663.0925,6718.47
2018-08-08,6717.02,6717.0475,6120.23,6279.1225
2018-08-09,6281.4975,6627.4325,6185.4075,6541.67
2018-08-10,6543.7625,6584.23,6012.125,6134.1725
2018-08-11,6132.9825,6487.7875,5997.0575,6233.8525
2018-08-12,6238.285,6482.8675,6165.425,6314.31
2018-08-13,6313.2675,6545.0875,6143.9425,6253.4025
2018-08-14,6251.8275,6376.0975,5889,6195.4
2018-08-15,6194.68,6630.7425,6187.45,6270.1375
2018-08-16,6269.4775,6479.8425,6207.8525,6314.81
2018-08-17,6314.895,6586.6725,6291.55,6583.9
2018-08-18,6583.5825,6614.5475,6308.75,6396.4775
2018-08-19,6394.18,6546.83,6321.2825,6484.53
2018-08-20,6485.1425,6521.43,6226.955,6258.78
2018-08-21,6258.76,6496.545,6246.7025,6476.7975
2018-08-22,6476.475,6903.49,6240.25,6356.3875
2018-08-23,6354.6475,6569.4525,6343.1775,6525.685
2018-08-24,6526.03,6726.3825,6449.495,6692.28
2018-08-25,6692.3525,6791.3375,6667.5725,6733.2925
2018-08-26,6733.44,6772.83,6566.155,6706.6875
2018-08-27,6706.605,6945.175,6652.0175,6908.6025
2018-08-28,6910.085,7126.5525,6864.3975,7075.9375
2018-08-29,7074.985,7119.1525,6898.235,7030.0975
2018-08-30,7031.0525,7052.63,6788.8625,6982.0175
2018-08-31,6983.3125,7089.5025,6882.8725,7016.315
2018-09-01,7015.315,7267.535,7014.1425,7190.8925
2018-09-02,7192.23,7331.2375,7132.5475,7291.145
2018-09-03,7291.5,7329.13,7190.17,7256.12
2018-09-04,7256.545,7404.1925,7225.4025,7358.805
2018-09-05,7357.3025,7383.825,6656.1575,6685.4675
2018-09-06,6683.08,6703.01,6250.79,6494.815
2018-09-07,6493.455,6526.57,6321.6275,6397.115
2018-09-08,6397.94,6460.375,6191.53,6251.295
2018-09-09,6251.295,6454.145,6221.22,6289.405
2018-09-10,6290.62,6388.3075,6283.015,6340.54
2018-09-11,6340.215,6419.1425,6239.2225,6325.1225
2018-09-12,6323.45,6378.0025,6259.94,6355.905
2018-09-13,6358.4,6524.3,6357.81,6478.615
2018-09-14,6476.5275,6552.6175,6401.52,6473.28
2018-09-15,6473.1325,6539.7925,6465.6025,6503.625
2018-09-16,6503.625,6504.5825,6375.7875,6487.8875
2018-09-17,6488.6625,6511.3425,6268.4475,6302.7225
2018-09-18,6301.9675,6402.19,6284.25,6363.5525
2018-09-19,6363.015,6512.6675,6192.3125,6405.7775
2018-09-20,6405.405,6515.17,6366.375,6483.24
2018-09-21,6483.24,6706.9025,6480.0475,6677.605
2018-09-22,6677.38,6735.3375,6583.3925,6647.5025
2018-09-23,6644.58,6691.265,6609.745,6638.72
2018-09-24,6639.0575,6653.025,6526.9375,6549.62
2018-09-25,6548.915,6549.34,6357.295,6439.1375
2018-09-26,6438.415,6518.03,6397.2775,6456.585
2018-09-27,6454.41,6664.3025,6438.3925,6625.275
2018-09-28,6625.97,6707.7125,6510.205,6577.185
2018-09-29,6576.725,6576.725,6455.08,6549.6875
2018-09-30,6548.29,6590.4875,6501.8325,6565.645
2018-10-01,6565.565,6590.7875,6474.585,6543.075
2018-10-02,6542.065,6560.26,6447.7875,6488.5325
2018-10-03,6487.96,6494.89,6412.2675,6460.5925
2018-10-04,6460.0775,6565.3625,6455.4075,6524.52
2018-10-05,6527.2375,6596.69,6492.6875,6552.9575
2018-10-06,6553.605,6560.51,6514.0125,6548
2018-10-07,6548.9375,6589.7975,6493.26,6572.825
2018-10-08,6572.1375,6665.34,6544.095,6605.705
2018-10-09,6604.9225,6615.2475,6552.5175,6589.215
2018-10-10,6589.3175,6590.92,6442.0725,6525.59
2018-10-11,6525.4175,6526.1375,6056.6275,6152.845
2018-10-12,6154.4875,6234.4325,6111.3125,6191.895
2018-10-13,6191.115,6212.2725,6175.8725,6197.1475
2018-10-14,6197.5325,6305.725,6148.49,6182.4575
2018-10-15,6182.325,6782.975,6152.2675,6439.245
2018-10-16,6439.5925,6490.9375,6385.75,6458.7975
2018-10-17,6457.315,6463.15,6409.715,6440.6225
2018-10-18,6441.2625,6488.375,6353.73,6394.3875
2018-10-19,6393.85,6408.6875,6354.47,6384.235
2018-10-20,6383.3,6422.2175,6369.8575,6413.0975
2018-10-21,6412.7375,6461.1625,6405.1,6412.975
2018-10-22,6413.2125,6426.53,6372.2975,6407.685
2018-10-23,6408.2925,6414.7575,6355.14,6394.55
2018-10-24,6395.38,6467.895,6393.3,6413.46
2018-10-25,6413.4825,6421.11,6376.24,6392.9525
2018-10-26,6392.94,6449.75,6380.34,6405.34
2018-10-27,6405.3125,6420.135,6387.6175,6409.2975
2018-10-28,6409.27,6421.48,6385.035,6405.5225
2018-10-29,6405.1675,6415.96,6205.54,6265.6225
2018-10-30,6265.445,6288.9825,6244.6525,6270.63
2018-10-31,6270.73,6356.795,6202.1975,6305.1325
2018-11-01,6305.6625,6363.08,6290.37,6342.2975
2018-11-02,6343.2725,6379.58,6331.6275,6349.3525
2018-11-03,6349.0025,6349.255,6312.715,6332.705
2018-11-04,6332.93,6464.3425,6317.0775,6422.5075
2018-11-05,6424.1275,6440.62,6372.4475,6404.12
2018-11-06,6404.59,6452.98,6387.2125,6448.9275
2018-11-07,6448.845,6542.8675,6447.88,6502.23
2018-11-08,6502.0925,6511.4775,6392.68,6406.6025
2018-11-09,6406.87,6418.9675,6310.615,6332.5725
2018-11-10,6332.3975,6372.71,6332.265,6348.9925
2018-11-11,6348.93,6362.0325,6273.7475,6358.58
2018-11-12,6357.94,6383.8625,6301.8425,6324.86
2018-11-13,6324.8475,6327.31,6251.7125,6259.6275
2018-11-14,6257.775,6295.9675,5309.73,5602.1625
2018-11-15,5605.0075,5645.46,5198.475,5576.9575
2018-11-16,5573.3775,5609.565,5412.3375,5512.78
2018-11-17,5513.305,5547.1225,5456.2575,5502.6175
2018-11-18,5502.435,5661.945,5502.435,5560.145
2018-11-19,5558.6075,5560.8775,4684.5875,4735.99
2018-11-20,4735.62,4892.3575,4047.0725,4354.4625
2018-11-21,4352.625,4635.4475,4241.475,4544.4975
2018-11-22,4545.72,4591.19,4234.9725,4266.62
2018-11-23,4269.7225,4366.6175,4080.8525,4286.6775
2018-11-24,4286.9775,4372.52,3657.12,3782.6575
2018-11-25,3780.1625,4118.655,3465.385,3935.5125
2018-11-26,3934.365,4072.4,3516.245,3729.05
2018-11-27,3728.8625,3830.6525,3559.565,3772.035
2018-11-28,3774.7375,4366.92,3774.6825,4222.17
2018-11-29,4222.1925,4418.2775,4080.785,4245.0575
2018-11-30,4245.13,4296.855,3860.0625,3971.615
2018-12-01,3972.83,4257.6725,3908.31,4140.5975
2018-12-02,4141.38,4262.97,4032.4275,4102.0975
2018-12-03,4101.76,4117.88,3742.8875,3833.88
2018-12-04,3833.81,4040.745,3730.4125,3903.5
2018-12-05,3904.8775,3913.2925,3663.0225,3694.325
2018-12-06,3695.7275,3843.4225,3411.9675,3435.64
2018-12-07,3433.605,3552.84,3210.21,3379.455
2018-12-08,3377.86,3470.04,3251.5925,3397.8
2018-12-09,3398.4975,3638.2475,3370.645,3532.5225
2018-12-10,3532.365,3591.6675,3355.1175,3409.4375
2018-12-11,3408.8925,3426.5375,3293.915,3349.4975
2018-12-12,3347.8175,3487.89,3325.41,3431.8775
2018-12-13,3431.3575,3439.52,3224.295,3263.2925
2018-12-14,3263.2975,3298.4525,3136.465,3195.4475
2018-12-15,3194.2625,3227.2975,3125.8975,3181.675
2018-12-16,3181.6825,3260.4,3179.87,3192.87
2018-12-17,3192.275,3587.21,3183.1525,3499.5975
2018-12-18,3500.33,3682.9975,3434.49,3667.9625
2018-12-19,3668.5975,3923.69,3645.145,3683.645
2018-12-20,3682.785,4175.0175,3659.08,4075.2
2018-12-21,4074.0825,4162.9825,3772.5325,3839.425
2018-12-22,3840.2525,4010.69,3787.3575,3980.5025
2018-12-23,3980.645,4052.36,3907.65,3944.385
2018-12-24,3946.755,4237.6875,3945.4975,4034.35
2018-12-25,4034.56,4045.22,3676.56,3779.115
2018-12-26,3778.72,3854.5775,3684.46,3809.235
2018-12-27,3808.3425,3840.5825,3567.6325,3589.7125
2018-12-28,3590.2325,3963.7025,3575.54,3888.1825
2018-12-29,3887.885,3946.96,3700.0525,3727.34
2018-12-30,3727.0525,3865.93,3688.82,3831.0375
2018-12-31,3831.2325,3838.3,3624.6325,3692.3525
2019-01-01,3692.905,3991.0225,3640.3025,3823.3175
2019-01-02,3825.325,3915.355,3767.78,3888.3275
2019-01-03,3889.845,3892.91,3750.0175,3787.1975
2019-01-04,3786.3525,3851.5825,3730.8325,3820.925
2019-01-05,3821.6525,3864.025,3776.775,3796.1175
2019-01-06,3796.995,4082.9275,3756.55,4040.9525
2019-01-07,4040.925,4071.1275,3966.5625,4006.0575
2019-01-08,4005.405,4113.205,3941.5525,3993.475
2019-01-09,3994.44,4046.705,3960.37,4001.705
2019-01-10,4003.3525,4035.3325,3544.86,3625.9725
2019-01-11,3626.13,3698.6225,3570.84,3635.0225
2019-01-12,3634.525,3650.4825,3559.645,3617.965
2019-01-13,3616.4975,3646.305,3470.895,3514.2175
2019-01-14,3515.0625,3713.8175,3508.48,3664.04
2019-01-15,3664.0125,3684.2125,3542.465,3581.695
2019-01-16,3581.3225,3667.2025,3572.3425,3607.3425
2019-01-17,3609.215,3658.6975,3540.295,3641.015
2019-01-18,3639.84,3643.195,3577.61,3609.315
2019-01-19,3609.31,3798.895,3607.68,3683.4125
2019-01-20,3682.17,3702.57,3475.0275,3534.25
2019-01-21,3535.4675,3569.005,3487.01,3532.23
2019-01-22,3532.2275,3611.6075,3422.5425,3576.72
2019-01-23,3575.5475,3614.8675,3521.67,3553.6125
2019-01-24,3553.6025,3594.9825,3529.865,3570.3125
2019-01-25,3570.2725,3577.7025,3510.6525,3560.8175
2019-01-26,3561.0525,3659.7325,3539.3075,3556.505
2019-01-27,3556.3425,3562.8,3472.21,3531.82
2019-01-28,3531.8075,3535.91,3372.4325,3430.0375
2019-01-29,3430.52,3438.475,3336.54,3394.6025
2019-01-30,3393.0725,3461.185,3372.4425,3436.6025
2019-01-31,3436.815,3473.65,3394.8425,3411.5775
2019-02-01,3412.3025,3457.0925,3369.465,3437.85
2019-02-02,3437.7,3486.835,3412.2875,3466.5775
2019-02-03,3468.9225,3473.1275,3387.4325,3415.1975
2019-02-04,3415.5825,3436.815,3395.965,3411.4525
2019-02-05,3410.1225,3430.94,3399.1975,3429.8175
2019-02-06,3429.9275,3444.205,3334.485,3366.5525
2019-02-07,3366.01,3382.2075,3352.3575,3359.655
2019-02-08,3359.2175,3709.54,3341.7875,3622.38
2019-02-09,3623.205,3663.745,3592.7825,3624.04
2019-02-10,3624.07,3657.2125,3578.28,3648.38
2019-02-11,3649.3475,3651.2875,3578.4475,3589.835
2019-02-12,3589.9075,3619.165,3547.62,3587.8775
2019-02-13,3587.8175,3629.4475,3556.3,3575.5225
2019-02-14,3575.955,3603.275,3533.8025,3561.6375
2019-02-15,3561.13,3617.145,3546.6,3566.85
2019-02-16,3566.65,3608.3925,3564.245,3581.1725
2019-02-17,3581.375,3670.9675,3556.955,3625.62
2019-02-18,3625.77,3917.995,3617.595,3868.6225
2019-02-19,3868.7675,3971.72,3841.0475,3889.15
2019-02-20,3889.705,3965.97,3865.7125,3939.67
2019-02-21,3938.335,3987.7475,3867.225,3899.2
2019-02-22,3899.18,3955.205,3884.815,3942.225
2019-02-23,3940.9325,4156.77,3912.0675,4111.955
2019-02-24,4110.515,4188.695,3696.105,3732.395
2019-02-25,3733.3925,3859.585,3732.2875,3819.89
2019-02-26,3818.985,3827.905,3764.6175,3797.6825
2019-02-27,3796.58,3822.6775,3654.1475,3799.37
2019-02-28,3798.52,3901.195,3754.455,3792.1725
2019-03-01,3792.0625,3843.575,3791.3625,3806.51
2019-03-02,3805.9725,3817.7275,3759.58,3810.6275
2019-03-03,3810.73,3819.115,3760.2475,3787.94
2019-03-04,3787.995,3805.2075,3672.4975,3700.075
2019-03-05,3699.8725,3874.7075,3692.695,3844.8225
2019-03-06,3844.8475,3889.1325,3809.675,3851.4
2019-03-07,3851.3275,3889.855,3829.09,3855.7375
2019-03-08,3855.7325,3913.24,3768.7075,3843.515
2019-03-09,3841.6475,3946.9775,3835.5925,3917.53
2019-03-10,3916.965,3916.97,3866.385,3898.95312045
2019-03-11,3899.2425,3911.405,3815.9475,3850.195
2019-03-12,3850.42,3876.0625,3797.1225,3861.24
2019-03-13,3862.3025,3871.7,3824.925,3850.965
2019-03-14,3850.25,3902.745,3780.7325,3854.6225
2019-03-15,3855.4775,3908.5725,3846.17,3901.3025
2019-03-16,3900.7725,4038.235,3900.3175,3989.8
2019-03-17,3989.85,3991.175,3932.9675,3965.74
2019-03-18,3965.7975,4015.4425,3934.77,3969.92
2019-03-19,3969.8025,4010.6325,3950.2225,4000.07
2019-03-20,4000.3875,4048.1175,3963.7875,4031.885
2019-03-21,4032.32,4058.8625,3907.6975,3973.595
2019-03-22,3973.6925,3999.335,3961.5275,3983.655
2019-03-23,3983.235,3999.18,3959.845,3982.725
2019-03-24,3980.62,3980.87,3944.86,3970.085
2019-03-25,3969.7925,3977.365,3857.9075,3908.16
2019-03-26,3907.8525,3924.5675,3882.1125,3920.73
2019-03-27,3920.7025,4036.0525,3914.035,4026.295
2019-03-28,4026.0275,4026.0425,3994.4475,4012.5025
2019-03-29,4012.2125,4100.3775,4007.19,4088.1575
2019-03-30,4088.0875,4130.34,4039.9475,4093.4975
2019-03-31,4093.82,4101.9025,4076.315,4095.32
2019-04-01,4094.2825,4148.825,4052.07,4136.915
2019-04-02,4136.345,5099.355,4131.7525,4902.065
2019-04-03,4901.035,5348.0025,4792.0025,4975.835
2019-04-04,4973.65,5073.16,4780.6425,4906.9525
2019-04-05,4908.11,5073.38,4887.2375,5039.8725
2019-04-06,5040.0875,5240.86,4909.795,5044.8925
2019-04-07,5045.1925,5265.14,5028.505,5193.965
2019-04-08,5194.5225,5352.4175,5131.7575,5286.6
2019-04-09,5287.595,5287.885,5146.1625,5191.3975
2019-04-10,5187.79,5469.535,5164.9275,5320.65
2019-04-11,5323.3175,5343.53,4967.2825,5041.97
2019-04-12,5040.825,5118.4975,4909.4075,5081.23
2019-04-13,5080.7025,5119.3375,5036.165,5066.2325
2019-04-14,5065.59,5188.6225,5012.885,5161.725
2019-04-15,5161.635,5190.93,4946.7275,5032.24
2019-04-16,5031.135,5229.4575,5018.1275,5203.27
2019-04-17,5202.125,5273.855,5173.965,5232.93
2019-04-18,5227.8275,5319.035,5222.4875,5282.48
2019-04-19,5282.055,5359.9425,5195.215,5288.225
2019-04-20,5288.965,5359.9925,5259.21,5319.1475
2019-04-21,5319.8825,5345.985,5210.4175,5296.6375
2019-04-22,5296.14,5443.3125,5251.8375,5387.1
2019-04-23,5387.075,5631.78,5363.61,5531.93
2019-04-24,5531.9225,5621.4375,5375.235,5442.5525
2019-04-25,5442.3375,5510.94,4962.2325,5133.6225
2019-04-26,5133.6125,5291.745,5044.225,5152.02
2019-04-27,5153.8275,5214.9125,5117.34,5170.5475
2019-04-28,5171.1175,5214.04,5101.4025,5157.275
2019-04-29,5155.3,5188.1525,5071.9525,5149.055
2019-04-30,5150.28,5286.9525,5130.2525,5269.5575
2019-05-01,5270,5358.4875,5267.43,5323.21
2019-05-02,5324.15,5422.29,5308.445,5389.005
2019-05-03,5389.0025,5797.2875,5365.875,5658.98
2019-05-04,5659.3825,5841.4175,5514.5025,5766.9175
2019-05-05,5768.4225,5778.9025,5627.4575,5714.345
2019-05-06,5716.1625,5753.64,5565.4425,5686.8525
2019-05-07,5687.53,5969.8975,5687.53,5747.2475
2019-05-08,5746.46,5987.295,5661.47,5941
2019-05-09,5946.4975,6170.815,5934.7975,6151.8425
2019-05-10,6151.005,6427.8125,6108.595,6350.4725
2019-05-11,6349.8575,7448.205,6349.48,7218.7675
2019-05-12,7214.7625,7582.64,6753.61,6976.065
2019-05-13,6970.955,8170.54,6866.9425,7818.4875
2019-05-14,7817.265,8341.865,7621.315,7991.525
2019-05-15,7991.755,8301.14,7835.0475,8203.37
2019-05-16,8203.935,8382.2375,7657.785,7880.26
2019-05-17,7881.005,7941.0625,6511.1025,7356.83
2019-05-18,7355.6625,7491.7525,7206.4925,7262.96
2019-05-19,7263.1875,8304.02,7253.7975,8196.835
2019-05-20,8195.7525,8198.705,7573.9825,8003.5375
2019-05-21,8001.7525,8113.105,7775.5625,7953.3125
2019-05-22,7951.7625,8044.49,7515.8475,7623.3825
2019-05-23,7621.695,7980.63,7469.7625,7880.255
2019-05-24,7880.785,8179.3925,7798.21,8001.27
2019-05-25,8001.3,8154.02,7943.925,8067.455
2019-05-26,8068.025,8788.4025,7893.11,8737.8225
2019-05-27,8737.1525,8944.515,8646.515,8775.72
2019-05-28,8773.9675,8817.785,8546.9475,8719.955
2019-05-29,8719.3,8758.755,8426.865,8662.0575
2019-05-30,8663.2975,9093.925,7992.4,8275.2025
2019-05-31,8277.47,8569.3225,8111.14,8542.59
2019-06-01,8541.4925,8621.2525,8457.47,8557.805
2019-06-02,8556.5975,8834.93,8547.805,8739.8225
2019-06-03,8737.2425,8744.4075,8046.6475,8110.6475
2019-06-04,8105.5475,8105.8225,7433.43,7672.325
2019-06-05,7672.9775,7929.0325,7569.1375,7788.485
2019-06-06,7787.695,7875.2025,7447.42,7804.0925
2019-06-07,7804.245,8131.3275,7762.5775,8000.715
2019-06-08,7999.4475,8060.0125,7784.165,7931.865
2019-06-09,7932.065,7962.265,7510.42,7638.2825
2019-06-10,7636.7475,8089.81,7522.6825,8020.26
2019-06-11,8017.895,8055.435,7710.3225,7919.825
2019-06-12,7918.1675,8283.8575,7822.7075,8174.9325
2019-06-13,8174.0375,8332.4925,8037.825,8242.6825
2019-06-14,8242.0425,8736.1375,8181.25,8697.1775
2019-06-15,8696.475,8913.0525,8621.9275,8856.88
2019-06-16,8856.245,9387.9875,8784,8978.795
2019-06-17,8975.545,9473.675,8974.52,9333.1625
2019-06-18,9336.875,9358.0225,8935.1825,9080.5325
2019-06-19,9079.15,9322.075,9039.07,9278.89
2019-06-20,9279.2375,9601.11,9212.185,9533.845
2019-06-21,9533.01,10242.0775,9532.9975,10227.86
2019-06-22,10226.96,11208.4225,10082.8325,10667.11
2019-06-23,10664.74,11254.715,10484.3325,10830.4725
2019-06-24,10826.6,11095.2675,10542.93,11029.3875
2019-06-25,11029.9275,11792.1125,11001.25,11757.885
2019-06-26,11759.8175,13859.7025,11639.525,12929.5325
2019-06-27,12931.13,13358.795,10299.75,11151.1925
2019-06-28,11154.655,12443.4125,10734.61,12365.78
2019-06-29,12361.405,12395.245,11323.79,11868.7375
2019-06-30,11870.375,12199.2725,10651.1075,10754.915
2019-07-01,10756.975,11210.1825,9945.5,10545.515
2019-07-02,10547.475,10932.72,9653.4575,10832.3
2019-07-03,10832.8725,12020.96,10825.3975,11977.7425
2019-07-04,11977.0125,12059.925,11040.1625,11143.8725
2019-07-05,11140.1275,11453.5625,10759.1375,11001.4125
2019-07-06,10995.4625,11720.295,10975.6075,11238.3725
2019-07-07,11232.9525,11621.045,11064.62,11475.0375
2019-07-08,11478.405,12394.2475,11329.105,12296.2
2019-07-09,12299.0775,12828.9025,12096.315,12569.815
2019-07-10,12577.2875,13195.385,11548.64,12097.6125
2019-07-11,12096.17,12097.165,10971.0675,11340.29
2019-07-12,11341.89,11942.61,11084.24,11796.3525
2019-07-13,11801.8175,11844.5575,10806.7825,11376.2825
2019-07-14,11383.395,11462.1775,10222.625,10299.7
2019-07-15,10296.3475,11080.705,9841.04,10848.7175
2019-07-16,10844.905,11034.2775,9359.75,9421.22
2019-07-17,9428.2525,9987.9075,9077.2325,9700.785
2019-07-18,9701.2025,10795.0025,9277.8575,10645.53
2019-07-19,10645.765,10772.9225,10110.4025,10536.0375
2019-07-20,10535.395,11118.56,10368.2575,10759.8025
2019-07-21,10766.47,10834.21,10306.13,10594.06
2019-07-22,10595.26,10687.335,10062.305,10325.69
2019-07-23,10322.545,10326.635,9803.6475,9842.615
2019-07-24,9845.5025,9914.8425,9510.21,9769.06
2019-07-25,9773.2475,10185.2425,9738.0675,9888.9575
2019-07-26,9888.8675,9899.1925,9651.7325,9848.24
2019-07-27,9847.9625,10230.965,9290.025,9477.8625
2019-07-28,9471.0025,9640.875,9112.6225,9530.3275
2019-07-29,9532.8375,9718.76,9370.955,9498.6325
2019-07-30,9502.9625,9793.8925,9375.31,9593.95
2019-07-31,9592.5925,10136.175,9574.97,10085.57
2019-08-01,10094.0025,10504.215,9885.0375,10408.135
2019-08-02,10410.0225,10670.68,10330.5,10530.7075
2019-08-03,10531.2,10921.055,10509.04,10817.38
2019-08-04,10815.4775,11084.9425,10564.215,10977.9675
2019-08-05,10980.5325,11949.84,10979.3825,11808.5925
2019-08-06,11803.7975,12326.6025,11202.68,11464.6575
2019-08-07,11464.8775,12150.6775,11385.485,11970.4575
2019-08-08,11980.42,12019.98,11470.8325,11947.725
2019-08-09,11951.19,11991.415,11655.065,11857.525
2019-08-10,11865.9675,11972.5925,11199.75,11280.7725
2019-08-11,11279.555,11577.8775,11095.535,11530.865
2019-08-12,11536.2775,11552.0775,11219.565,11385.025
2019-08-13,11385.2125,11441.1225,10746.395,10857.9225
2019-08-14,10857.695,10860.38,9893.495,10020.9325
2019-08-15,10022.31,10445.31,9476.2725,10300.9525
2019-08-16,10295.8325,10538.615,9740.0975,10357.36
2019-08-17,10353.1875,10472.28,9983.545,10209.83
2019-08-18,10217.16,10506.6,10072.08,10319.71
2019-08-19,10319.355,10937.97,10269.99,10922.2725
2019-08-20,10921.66,10953.665,10561.0875,10762.0675
2019-08-21,10768.7475,10801.0125,9847.6875,10130.5475
2019-08-22,10128.5875,10234.805,9756.5875,10122.97
2019-08-23,10122.02,10477.71,10048.885,10406.7225
2019-08-24,10407.74,10428.9725,9885.9725,10147.4975
2019-08-25,10149.7825,10375.0125,9906.3525,10136.39
2019-08-26,10143.4875,10671.6025,10141.09,10363.6125
2019-08-27,10360.915,10379.4125,10025.7575,10173.06
2019-08-28,10174.3225,10286.525,9537.4825,9717.26
2019-08-29,9715.465,9716.9,9318.6325,9489.395
2019-08-30,9491.38,9698.825,9347.2825,9580.5325
2019-08-31,9576.965,9694.8025,9430.815,9600.935
2019-09-01,9599.3575,9837.7,9540.7475,9768.0175
2019-09-02,9768.075,10480.835,9756.425,10386.88
2019-09-03,10385.7175,10782.835,10288.1975,10621.4725
2019-09-04,10623.1225,10847.3475,10369.855,10584.2825
2019-09-05,10584.2975,10661.2825,10457.5325,10580.8225
2019-09-06,10581.205,10950.9725,10189.72,10320.7025
2019-09-07,10319.11,10574.06,10315.97,10483.8825
2019-09-08,10487.1525,10593.65,10232.3175,10403.6725
2019-09-09,10396.9375,10537.5575,10059.6225,10311.485
2019-09-10,10312.7075,10389.315,9935.6075,10095.8775
2019-09-11,10095.8475,10253.4225,9865.0025,10159.12
2019-09-12,10161.185,10466.795,10037.23,10424.1725
2019-09-13,10425.0675,10455.0275,10158.29,10363.9875
2019-09-14,10367.705,10440.3375,10242.1775,10359.7775
2019-09-15,10362.0325,10382.24,10268.365,10309.045
2019-09-16,10309.98,10376.075,10074.2175,10266.095
2019-09-17,10262.045,10278.7525,10137.28,10190.78
2019-09-18,10186.865,10260.8425,10038.2975,10156.9375
2019-09-19,10159.5775,10378.5325,9604.5875,10265.2275
2019-09-20,10268.525,10291.9625,10061.2425,10170.0075
2019-09-21,10170.3975,10172.895,9914.225,9979.65
2019-09-22,9976.98,10082.8575,9849.925,10026.9475
2019-09-23,10027.4225,10047.12,9611.53,9689.0275
2019-09-24,9690.7275,9777.27,8054.0875,8536.7225
2019-09-25,8532.6725,8744.625,8177.0825,8435.3525
2019-09-26,8443.3975,8464.025,7726.9625,8060.1075
2019-09-27,8060.835,8289.0075,7860.755,8193.6775
2019-09-28,8197.365,8365.5625,8018.1225,8219.08
2019-09-29,8219.205,8243.16,7905.1925,8052.3225
2019-09-30,8056.045,8373.295,7705.3,8303.7925
2019-10-01,8311.105,8534.375,8199.715,8323.5375
2019-10-02,8324.5575,8392.0975,8172.9825,8380.4875
2019-10-03,8382.77,8414.64,8069.7075,8231.22
2019-10-04,8235.1825,8236.2375,8007.09,8154.56
2019-10-05,8157.58,8199.2,8022.8675,8148.0425
2019-10-06,8150.0325,8175.315,7781.54,7859.23
2019-10-07,7862.8675,8312.62,7767.4025,8209.15
2019-10-08,8210.525,8344.0075,8109.9125,8184.0775
2019-10-09,8183.5575,8695.7625,8120.2425,8589.7875
2019-10-10,8589.62,8658.8875,8455.6125,8586.93
2019-10-11,8588.5625,8847.7775,8223.1075,8269.06
2019-10-12,8266.01,8424.2575,8261.0025,8307.945
2019-10-13,8307.945,8469.875,8144.045,8280.48
2019-10-14,8279.3375,8413.4825,8216.515,8357.115
2019-10-15,8355.2225,8417.52,8078.73,8161.255
2019-10-16,8162.825,8175.9525,7913.915,7997.9125
2019-10-17,7998.465,8127.8575,7939.8225,8075.2625
2019-10-18,8074.4325,8117.5625,7815.45,7956.58
2019-10-19,7955.4025,8101.0175,7876.7125,7961.1675
2019-10-20,7962.665,8307.1925,7878.62,8234.765
2019-10-21,8235.9125,8361.3375,8158.16,8213.5325
2019-10-22,8208.7725,8317.435,7996.06,8023.59
2019-10-23,8021.9475,8050.875,7291.8075,7472.3575
2019-10-24,7474.3525,7510.9075,7359.6975,7438.235
2019-10-25,7438.1725,8793.0975,7395.7625,8666.525
2019-10-26,8674.505,10515.9225,8646.0225,9260.7525
2019-10-27,9262.7825,9815.97,9103.5375,9549.05
2019-10-28,9550.9825,9937.995,9184.655,9220.2875
2019-10-29,9219.6225,9566.93,9055.5425,9431.4625
2019-10-30,9432.415,9434.705,8994.5725,9165.3975
2019-10-31,9167.2275,9439.3725,8956.3075,9152.5625
2019-11-01,9155.985,9306.7275,9058.96,9252.3375
2019-11-02,9254.56,9392.51,9206.125,9306.1125
2019-11-03,9306.7175,9382.355,9072.575,9205.705
2019-11-04,9206.825,9596.625,9128.6425,9413.55
2019-11-05,9414.5625,9491.375,9175.6175,9319.0325
2019-11-06,9319.4425,9446.8925,9257.3625,9343.63
2019-11-07,9344.2425,9372.52,9081.2125,9201.3425
2019-11-08,9204.0525,9248.16,8666.565,8766.13
2019-11-09,8764.355,8875.525,8720.13,8810.3575
2019-11-10,8808.0375,9138.8575,8748.6475,9033.985
2019-11-11,9035.32,9067.91,8598.705,8720.11
2019-11-12,8720.105,8871.525,8558.2175,8812.7525
2019-11-13,8814.1475,8838.235,8707.51,8759.3575
2019-11-14,8762.9325,8784.695,8559.21,8631.415
2019-11-15,8630.97,8780.665,8366.9325,8458.5375
2019-11-16,8458.39,8531.66,8427.475,8482.635
2019-11-17,8483.3525,8631.6,8373.0325,8500.63
2019-11-18,8500.9325,8503.1525,8022.295,8170.925
2019-11-19,8172.04,8196.8425,7989.105,8121.9725
2019-11-20,8124.08,8222.8625,8029.31,8083.375
2019-11-21,8082.6525,8115.31,7390.26,7615.5175
2019-11-22,7615.725,7718.0725,6779.4375,7285.1575
2019-11-23,7282.76,7343.65,7106.425,7325.3475
2019-11-24,7327.9725,7345.3875,6867.035,6908.4475
2019-11-25,6906.5825,7377.3725,6526.6175,7124.6625
2019-11-26,7125.41,7341.1225,7024.5375,7161.5975
2019-11-27,7162.6225,7675.3725,6850.6625,7524.3925
2019-11-28,7522.8025,7656.5925,7373.13,7431.89
2019-11-29,7430.0475,7867.225,7413.01,7757.21
2019-11-30,7757.5625,7814.095,7455.045,7554.92
2019-12-01,7556.4725,7556.4725,7238.1225,7403.8775
2019-12-02,7407.6975,7428.225,7156.88,7305.5
2019-12-03,7307.75,7410.9425,7241.495,7299.71
2019-12-04,7300.0175,7792.265,7082.7175,7195
2019-12-05,7198.355,7490.9175,7155.3725,7392.7875
2019-12-06,7394.895,7609.9725,7306.8275,7542.82
2019-12-07,7545.4825,7637.0675,7489.87,7503.51
2019-12-08,7505.4125,7579.7975,7390.6825,7523.3275
2019-12-09,7520.8875,7659.715,7272.1175,7338.185
2019-12-10,7336.015,7397.75,7158.44,7219.035
2019-12-11,7221.835,7267.1025,7125.4325,7202.7875
2019-12-12,7203.15,7296.6925,7076.785,7189.4625
2019-12-13,7188.67,7299.79,7185.095,7252.3525
2019-12-14,7253.2375,7266.3625,7008.88,7065.535
2019-12-15,7067.365,7203.7375,7008.8775,7114.98
2019-12-16,7114.755,7139.5425,6811.31,6879.2925
2019-12-17,6879.4425,6933.095,6557.26,6613.77
2019-12-18,6617.2625,7457.72,6432.1325,7288.2375
2019-12-19,7288.99,7370.38,7042.375,7150.8725
2019-12-20,7153.02,7217.5375,7076.3775,7190.62
2019-12-21,7190.81,7192.0725,7110.795,7143.5625
2019-12-22,7144.2275,7522.975,7126.075,7511.47
2019-12-23,7517.5525,7690.23,7260.5125,7316.8825
2019-12-24,7314.635,7425.9475,7158.7875,7255.145
2019-12-25,7254.0275,7263.395,7116.9975,7193.1525
2019-12-26,7193.38,7429.49,7149.525,7193.44
2019-12-27,7195.6625,7252.6675,7025.655,7244.9725
2019-12-28,7247.5725,7346.0225,7235.245,7299.9275
2019-12-29,7301.34,7526.195,7279.0675,7387.9625
2019-12-30,7382.7925,7382.9225,7199.7425,7216.0525
2019-12-31,7218.3875,7299.1775,7112.4425,7167.07
2020-01-01,7164.9025,7233.9225,7148.7375,7175.6525
2020-01-02,7174.665,7184.7225,6906.505,6945.695
2020-01-03,6944.76,7398.62,6857.05,7335.29
2020-01-04,7333.3075,7392.67,7259.47,7349.0325
2020-01-05,7351.925,7491.835,7311.775,7352.6925
2020-01-06,7351.62,7807.485,7344.7775,7761.8475
2020-01-07,7765.255,8224.625,7721.1575,8159.0075
2020-01-08,8156.165,8464.4025,7866.2375,8043.8175
2020-01-09,8045.23,8045.56,7747.5275,7814.6425
2020-01-10,7816.1475,8197.655,7670.075,8195.22
2020-01-11,8196.1075,8289.9975,7999.8275,8021.475
2020-01-12,8018.675,8185,7961.6125,8178.0025
2020-01-13,8180.7775,8192.59,8040.215,8105.8775
2020-01-14,8106.18,8892.4225,8106.085,8817.81
2020-01-15,8813.425,8905.0075,8556.53,8810.445
2020-01-16,8812.7125,8846.8875,8578.615,8714.43
2020-01-17,8715.7675,9009.85,8664.885,8898.5
2020-01-18,8899,8977.4825,8805.9775,8908.3325
2020-01-19,8906.435,9182.9275,8473.76,8700.1475
2020-01-20,8700.5775,8733.8775,8508.75,8627.775
2020-01-21,8632.0475,8777.855,8439.5,8719.995
2020-01-22,8726.565,8791.005,8568.2725,8659.8475
2020-01-23,8661.2475,8664.835,8279.2025,8386.2825
2020-01-24,8385.83,8510.075,8219.2875,8425.3425
2020-01-25,8428.85,8433.18,8255.4475,8327.83
2020-01-26,8325.475,8596.6325,8282.0775,8590.48
2020-01-27,8596.5925,8989.5825,8557.0475,8896.025
2020-01-28,8896.03,9414.305,8882.235,9398.35
2020-01-29,9389.56,9435.06,9222.66,9284.64
2020-01-30,9283.5175,9567.7575,9146.79,9500.19
2020-01-31,9505.6275,9524.215,9197.8625,9333.17
2020-02-01,9335.4725,9455.31,9286.7075,9378.7625
2020-02-02,9379.345,9473.315,9143.75,9324.0225
2020-02-03,9320.7925,9611.2375,9220.27,9282.0225
2020-02-04,9280,9344.885,9077.9875,9162.5025
2020-02-05,9165.23,9769.4,9149.66,9615.87
2020-02-06,9619.0275,9856.265,9520.6475,9758.425
2020-02-07,9761.705,9879.49,9716.755,9807.01
2020-02-08,9807.05,9948.3025,9658.71,9906.1175
2020-02-09,9906.755,10176.2575,9887.36,10167.7075
2020-02-10,10166.69,10196.8725,9733.5725,9852.9925
2020-02-11,9854.5325,10392.735,9710.7275,10270.4125
2020-02-12,10270.5225,10488.305,10249.8875,10351.8125
2020-02-13,10351.88,10510.0525,10079.6775,10238.0375
2020-02-14,10235.2125,10394.0475,10102.78,10369.7275
2020-02-15,10369.725,10399.4675,9751.725,9904.735
2020-02-16,9908.385,10047.6825,9617.6525,9922.8975
2020-02-17,9921.6375,9963.5125,9472.7325,9701.0875
2020-02-18,9707.105,10283.5925,9610.16,10185.295
2020-02-19,10189.69,10305.11,9307.4275,9598.8125
2020-02-20,9594.5325,9701.1775,9382.575,9610.905
2020-02-21,9608.75,9771.005,9566.8475,9698.3575
2020-02-22,9698.2275,9721.4375,9576.16,9670.8825
2020-02-23,9669.165,10022.14,9667.685,9968.39
2020-02-24,9970.12,10026.2475,9483.685,9660.7575
2020-02-25,9662.705,9679.6225,9240.75,9307.825
2020-02-26,9306.5725,9364.9575,8628,8780.31
2020-02-27,8781.6075,8972.3925,8520.295,8812.2875
2020-02-28,8816.35,8897.91,8430.7475,8708.2775
2020-02-29,8706.9675,8800.2175,8524.35,8526.76
2020-03-01,8528.5075,8752.9875,8406.2525,8527.415
2020-03-02,8521.375,8972.235,8490.1475,8917.49
2020-03-03,8917.625,8923.6925,8659.1975,8754.4925
2020-03-04,8756.825,8847.8325,8668.6825,8757.4225
2020-03-05,8758.6325,9170.1425,8757.855,9067.5425
2020-03-06,9063.2225,9181.3575,9014.45,9156.305
2020-03-07,9157.1725,9217.95,8858.82,8899.3625
2020-03-08,8899.565,8899.66,8000.86,8036.475
2020-03-09,8037.4375,8186.585,7626.9625,7932.88
2020-03-10,7932.72,8156.0125,7734.76,7887.13
2020-03-11,7891.9625,7995.7125,7588.72,7937.8525
2020-03-12,7949.5675,7968.18,4676.6475,4844.805
2020-03-13,4844.805,5996.0875,3883.7525,5635.8925
2020-03-14,5627.675,5664.57,5052.4875,5166.4675
2020-03-15,5161.7925,5985.02,5090.7325,5343.135
2020-03-16,5346.805,5348.865,4427.6875,5037.2225
2020-03-17,5045.05,5566.905,4935.7975,5332.8675
2020-03-18,5334.43,5451.1875,5018.43,5414.0525
2020-03-19,5416.645,6435.615,5267.0425,6185.74
2020-03-20,6188.77,6953.765,5666.9425,6207.055
2020-03-21,6208.885,6463.5275,5857.7775,6197.8275
2020-03-22,6194.4675,6417.555,5734.96,5824.085
2020-03-23,5817.7525,6633.655,5691.84,6497.31
2020-03-24,6496.9425,6868.06,6403.2925,6769.9625
2020-03-25,6767.1275,6983.76,6465.1875,6691.9525
2020-03-26,6692.82,6795.12,6525.8025,6753.585
2020-03-27,6752.3375,6872.7925,6270.0975,6375.7975
2020-03-28,6374.45,6374.475,6034.4,6253.6775
2020-03-29,6257.7875,6279.87,5870.0575,5876.4525
2020-03-30,5878.2075,6632.6025,5854.3525,6406.07
2020-03-31,6406.515,6526.965,6337.4375,6424.0325
2020-04-01,6425.015,6716.165,6153.195,6661.81
2020-04-02,6666.485,7265.46,6577.31,6802.8275
2020-04-03,6798.8425,7049.0125,6609.1975,6741.01
2020-04-04,6739.1725,7014.3825,6657.205,6874.445
2020-04-05,6882.9,6911.445,6679.9775,6777.015
2020-04-06,6777.865,7372.43,6773.9025,7343.6125
2020-04-07,7339.165,7469.58,7077,7202.6875
2020-04-08,7203.34,7428.51,7154.28,7368.7675
2020-04-09,7368.2275,7376.76,7110.63,7299.13
2020-04-10,7300.425,7305.725,6751.2875,6873.5425
2020-04-11,6872.98,6956.13,6773.21,6888.695
2020-04-12,6886.86,7200.5875,6792.455,6906.54
2020-04-13,6906.2925,6907.1,6554.9775,6862.78
2020-04-14,6862.5925,6990.33,6771.5175,6876.885
2020-04-15,6873.975,6938.505,6604.77,6622.355
2020-04-16,6621.805,7218.2475,6469.8825,7114.9175
2020-04-17,7117.4925,7154.9375,6998.8275,7033.0025
2020-04-18,7030.83,7304.32,7023.69,7262.19
2020-04-19,7263.6525,7274.0025,7063.92,7130.2775
2020-04-20,7128.9325,7225.515,6755.955,6840.2975
2020-04-21,6836.6675,6955.4075,6775.6975,6854.9675
2020-04-22,6854.2425,7167.2575,6828.085,7137.135
2020-04-23,7137.2325,7774.8625,7032.835,7507.5425
2020-04-24,7512.375,7611.955,7387.2675,7510.8825
2020-04-25,7514.605,7722.775,7440.985,7548.32
2020-04-26,7549.815,7713.5975,7483.77,7703.1325
2020-04-27,7706.215,7807.935,7636.03,7790.8125
2020-04-28,7792.8225,7798.0125,7671.3625,7761.97
2020-04-29,7758.0625,8976.72,7721.8225,8788.7275
2020-04-30,8788.4175,9478.3525,8408.75,8627.93
2020-05-01,8627.5475,9070,8621.9875,8827.04
2020-05-02,8830.145,9019.5,8763.5475,8982.3675
2020-05-03,8984.3425,9203.035,8725.59,8908.385
2020-05-04,8913.4975,8972.7125,8533.3475,8884.475
2020-05-05,8892.8125,9122.2125,8771.415,9028.66
2020-05-06,9030.195,9420.2375,8921.97,9157.695
2020-05-07,9158.815,10078.295,9033.98,10002.4525
2020-05-08,10005.9075,10047.965,9728.755,9806.6125
2020-05-09,9808.49,9916.715,9519.3425,9541.09
2020-05-10,9531.785,9563.265,8086.295,8726.06
2020-05-11,8730.695,9179.2075,8189,8571.67
2020-05-12,8572.2425,8981.5925,8535.8025,8823.31
2020-05-13,8819.55,9413.31,8807.795,9316.36
2020-05-14,9320.47,9946.5675,9259.475,9790.2375
2020-05-15,9794.34,9831.0925,9119.3525,9311.1425
2020-05-16,9312.48,9589.685,9215.6475,9387.115
2020-05-17,9379.845,9891.695,9325.61,9670.7075
2020-05-18,9681.9,9956.7475,9435.1675,9726.3225
2020-05-19,9730.0075,9900.4725,9462.7825,9782.035
2020-05-20,9780.02,9841.4225,9295.145,9512.655
2020-05-21,9509.9075,9568.5675,8800.5,9059.705
2020-05-22,9060.84,9265.67,8925.2325,9168.7
2020-05-23,9168.925,9312.1725,9089.07,9179.705
2020-05-24,9181.0975,9304.37,8673.675,8716.09
2020-05-25,8712.855,8978.0075,8636.7325,8898.915
2020-05-26,8900.6675,9013.895,8694.0825,8842.3325
2020-05-27,8841.4,9228.3025,8810.87,9210.6075
2020-05-28,9207.9025,9591.725,9110.3225,9556.0825
2020-05-29,9556.97,9601.04,9325.355,9424.535
2020-05-30,9426.3825,9752.0975,9328.15,9701.15
2020-05-31,9701.4725,9704.9975,9379.66,9448.95
2020-06-01,9446.96,10413.065,9417.465,10206.925
2020-06-02,10208.5,10236.705,9273.88,9523.3525
2020-06-03,9519.505,9693.96,9366.23,9666.645
2020-06-04,9667.87,9887.175,9451.915,9791.94
2020-06-05,9793.39,9856.7025,9576.0225,9618.695
2020-06-06,9598.0475,9735.695,9530.82,9671.7825
2020-06-07,9671.515,9819.3275,9373.77,9752.5925
2020-06-08,9756.0075,9860.5725,9637.3975,9782.51
2020-06-09,9783.695,9894.8825,9564.8425,9780.1875
2020-06-10,9781.8925,10010.1675,9654.5,9893.4425
2020-06-11,9894.88,9988.4975,9065.3425,9266.2725
2020-06-12,9267.9175,9552.1025,9230.6625,9464.24
2020-06-13,9463.8075,9496.225,9349.555,9474.3475
2020-06-14,9476.19,9479.8725,9237.5025,9329.6975
2020-06-15,9330.565,9500.85,8900.6275,9430.55
2020-06-16,9431.735,9591.59,9382.595,9527.8625
2020-06-17,9528.275,9560.9925,9231.4375,9456.335
2020-06-18,9456.9225,9479.8075,9269.7325,9376.185
2020-06-19,9375.955,9432.22,9229.255,9301.5275
2020-06-20,9298.1125,9394.89,9157.9375,9357.655
2020-06-21,9357.0375,9419.1375,9276.0175,9285.9675
2020-06-22,9287.1825,9789.2375,9270.7275,9688.89
2020-06-23,9691.105,9723.795,9577.9075,9622.5125
2020-06-24,9622.08,9665.0925,9196.96,9289.48
2020-06-25,9286.7125,9337.93,8985.61,9238.85
2020-06-26,9239.4675,9289.185,9027.6,9154.7425
2020-06-27,9156.2025,9185.9,8820.86,9004.28
2020-06-28,9005.5575,9189.5125,8933.915,9116.235
2020-06-29,9116.4575,9234.4875,9015.4925,9186.5725
2020-06-30,9189.4375,9200.83,9060.7875,9134.015
2020-07-01,9135.67,9298.875,9090.5,9236.385
2020-07-02,9236.885,9266.2225,8938.15,9093.3025
2020-07-03,9092.415,9127.6475,9037.0275,9064.355
2020-07-04,9060.425,9195.185,9045.2475,9140.565
2020-07-05,9140.645,9146.5375,8909.995,9078.89
2020-07-06,9078.75,9373.985,9063.5525,9347.485
2020-07-07,9346.455,9381.0175,9204.165,9256.945
2020-07-08,9257.3575,9476.5325,9235.3725,9439.2625
2020-07-09,9440.375,9446.005,9158.195,9237.495
2020-07-10,9237.505,9319.0125,9112.24,9288.2275
2020-07-11,9291.46,9302.7475,9183.725,9237.305
2020-07-12,9236.215,9344.72,9159.34,9302.385
2020-07-13,9303.9125,9351.015,9195.2925,9236.425
2020-07-14,9236.455,9279.8025,9095.44,9254.7525
2020-07-15,9256.3625,9273.24,9154.3475,9192.06
2020-07-16,9192.46,9214.5175,9022.425,9131.8425
2020-07-17,9132.465,9188.9625,9070.505,9154.5775
2020-07-18,9153.08,9213.22,9125.28,9176.77
2020-07-19,9176.23,9242.37,9107.7975,9213.99
2020-07-20,9215.165,9224.435,9135.1375,9163.4975
2020-07-21,9163.33,9438.6425,9157.2725,9393.93
2020-07-22,9395.2525,9568.7525,9280.2975,9535.435
2020-07-23,9535.9125,9681.75,9455.3125,9615.2925
2020-07-24,9614.7225,9648.415,9479.5775,9551.6625
2020-07-25,9553.085,9748.1275,9537.6425,9712.85
2020-07-26,9713.8075,10179.4275,9664.9175,9942.845
2020-07-27,9941.6225,11417.8975,9937.0775,11046.5075
2020-07-28,11049.5475,11261.2375,10584.12,10936.3525
2020-07-29,10934.42,11352.425,10852.12,11111.095
2020-07-30,11107.9575,11188.225,10824.9775,11128.7175
2020-07-31,11128.4075,11459.4675,10978.475,11354.0825
2020-08-01,11354.7825,11886.25,11236.755,11812.8525
2020-08-02,11810.79,12121.61,10569.515,11066.14
2020-08-03,11071.575,11482.3475,10895.7775,11236.735
2020-08-04,11236.5325,11419.34,11011.99,11196.035
2020-08-05,11196.9275,11796.4275,11086.7475,11755.6625
2020-08-06,11756.68,11914.7075,11578.7675,11773.815
2020-08-07,11773.86,11920.0825,11349.0175,11606.64
2020-08-08,11607.3625,11817.51,11534.3475,11775.3475
2020-08-09,11771.34,11807.9475,11533.1375,11687.8175
2020-08-10,11688.64,12087.03,11503.8775,11900.03
2020-08-11,11898.18,11943.6125,11128.8775,11390.4325
2020-08-12,11388.96,11626.28,11154.1675,11570.8525
2020-08-13,11572.6525,11802.9,11274.88,11795.9525
2020-08-14,11796.93,11862.52,11655.44,11777.6425
2020-08-15,11775.915,11988.2575,11680.0275,11859.085
2020-08-16,11860.2075,11940.23,11692.625,11918.0375
2020-08-17,11920.0225,12478.8375,11775.86,12305.01
2020-08-18,12305.61,12399.2825,11821.4475,11956.1375
2020-08-19,11953.5125,12022.6625,11572.7725,11759.73
2020-08-20,11760.7725,11895.4675,11674.695,11857.665
2020-08-21,11856.5925,11874.61,11492.3725,11529.71
2020-08-22,11530.9,11692.5,11368.5,11673.4475
2020-08-23,11675.35,11714.54,11524.1375,11650.9875
2020-08-24,11653.5025,11825.82,11595.3825,11760.61
2020-08-25,11755.1675,11770.2325,11113.87,11327.7775
2020-08-26,11327.705,11569.9875,11253.735,11470.0925
2020-08-27,11467.09,11597.6375,11126.615,11320.96
2020-08-28,11321.65,11551.175,11286.0575,11538.1775
2020-08-29,11537.465,11584.415,11425.5575,11476.0725
2020-08-30,11475.4225,11716.0825,11466.01,11713.08
2020-08-31,11714.0825,11780.305,11577.9225,11657.2675
2020-09-01,11658.1025,12067.3025,11528.29,11925.9375
2020-09-02,11922.5575,11953.9325,11166.905,11397.7725
2020-09-03,11397.7475,11477.3225,10004.465,10171.66
2020-09-04,10171.5375,10638.5725,9908.955,10470.58
2020-09-05,10468.6575,10566.865,9849.325,10166.6325
2020-09-06,10166.9575,10353.8275,10003.365,10258.09
2020-09-07,10258.355,10414.1,9881.515,10378.3725
2020-09-08,10379.2975,10441.2175,9836.43,10126.5975
2020-09-09,10126.9275,10349.595,9984.79,10230.265
2020-09-10,10224.53,10493.5,10221.5525,10346.9775
2020-09-11,10346.945,10410.8275,10204.6,10397.115
2020-09-12,10398.9425,10480.1325,10278.9875,10446.5425
2020-09-13,10447.61,10579.535,10216.7,10335.125
2020-09-14,10336.025,10755.125,10252.8975,10678.515
2020-09-15,10676.8725,10936.9675,10616.0875,10785.185
2020-09-16,10785.71,11097.545,10665.705,10955.3775
2020-09-17,10953.6575,11045.2475,10744.145,10944.9075
2020-09-18,10946.64,11039.835,10818.5875,10935.2675
2020-09-19,10937.1075,11180.7775,10895.5725,11081.2575
2020-09-20,11081.42,11082.4925,10762.7825,10921.11
2020-09-21,10920.915,10992.5425,10293.59,10415.95
2020-09-22,10418.82,10575.1725,10357.85,10535.13
2020-09-23,10532.25,10539.3525,10137.0775,10234.5225
2020-09-24,10236.13,10792.23,10193.29,10749.985
2020-09-25,10748.2675,10763.69,10555.5225,10691.8375
2020-09-26,10692.9925,10830.5425,10658.79,10731.0575
2020-09-27,10731.7275,10803.1125,10597.9325,10777.975
2020-09-28,10779.07,10952.065,10630.8075,10694.3675
2020-09-29,10689.7125,10863.9625,10639.6425,10841.27
2020-09-30,10843.19,10846.9725,10664.0975,10779.1975
2020-10-01,10781.775,10930.41,10440.445,10621.26
2020-10-02,10616.7775,10663.145,10379.44,10575.665
2020-10-03,10573.93,10604.64,10501.665,10553.77
2020-10-04,10550.8125,10695.5575,10527.755,10673.18
2020-10-05,10671.41,10800.205,10624.7075,10796.145
2020-10-06,10798.5575,10801.29,10527.8125,10605.925
2020-10-07,10604.4575,10681.99,10550.625,10670.07
2020-10-08,10670.0825,10959.57,10536.7925,10930.3575
2020-10-09,10930.75,11112.88,10834.735,11056.8425
2020-10-10,11059.6125,11496.96,11059.2825,11302.1025
2020-10-11,11301.5225,11446.105,11274.545,11375.2725
2020-10-12,11375.1175,11730.81,11192.65,11535.7025
2020-10-13,11538.1775,11563.16,11314.3825,11428.785
2020-10-14,11431.935,11555.2025,11296.41,11429.41
2020-10-15,11431.4725,11628.465,11256.1525,11506.8975
2020-10-16,11508.1575,11549.295,11205.3125,11325.495
2020-10-17,11329.3775,11414.63,11262.6325,11367.0225
2020-10-18,11367.1025,11522.355,11354.8525,11513.1325
2020-10-19,11513.85,11836.43,11416.7925,11760.85
2020-10-20,11759.615,12059.84,11684.65,11923.335
2020-10-21,11924.4075,13246.91,11902.7775,12811.105
2020-10-22,12807.73,13204.8725,12694.3075,12985.925
2020-10-23,12986.17,13035.02,12730.4675,12940.1275
2020-10-24,12939.9675,13150.215,12887.6275,13127.4175
2020-10-25,13127.6075,13358.06,12880.1725,13042.115
2020-10-26,13042.86,13246.9575,12785.0975,13071.8175
2020-10-27,13070.675,13792.965,13063.9375,13663.92
2020-10-28,13681.0625,13859.2825,12895.8925,13286.15
2020-10-29,13284.9025,13651.245,12981.235,13466.4225
2020-10-30,13462.745,13690.245,13131.6625,13570.475
2020-10-31,13573.2125,14095.095,13428.1875,13809.855
2020-11-01,13799.875,13903.79,13635.7275,13768.1925
2020-11-02,13768.7125,13840.67,13219.33,13569.8975
2020-11-03,13571.555,14078.2525,13295.6775,14037.9525
2020-11-04,14039.165,14273.01,13535.4775,14162.7275
2020-11-05,14168.4275,15776.21,14118.24,15610.2425
2020-11-06,15608.8575,15971.91,15199.0725,15601.6325
2020-11-07,15604.7475,15775.97,14347.5575,14838.965
2020-11-08,14836.535,15662.5575,14727.82,15484.175
2020-11-09,15483.03,15851.145,14821.125,15336.3475
2020-11-10,15344.6825,15479.5525,15095.6375,15315.845
2020-11-11,15316.85,15995.2525,15295.26,15708.3125
2020-11-12,15706.815,16366.1325,15455.16,16308.4025
2020-11-13,16307.6025,16490.5875,15973.975,16342.135
2020-11-14,16343.145,16343.8975,15718.4375,16084.31
2020-11-15,16088.0525,16171.57,15796.1675,15969.7475
2020-11-16,15970.3225,16892.6075,15880.955,16724.2975
2020-11-17,16728.7325,17877.73,16573.09,17683.04
2020-11-18,17680.9875,18488.8075,17218.755,17792.575
2020-11-19,17797.855,18186.435,17361.655,17825.9375
2020-11-20,17826.62,18827.1375,17768.1275,18682.275
2020-11-21,18682.175,18978.125,18342.8625,18719.7725
2020-11-22,18721.2125,18768.935,17612.955,18442.9925
2020-11-23,18440.27,18780.0875,18005.4175,18390.1275
2020-11-24,18385.2675,19444.1325,18066.4375,19169.8975
2020-11-25,19172.4325,19499.825,18494.695,18727.64
2020-11-26,18723.79,18911.8575,16210.5675,17167.14
2020-11-27,17169.0075,17469.42,16436.525,17152.92
2020-11-28,17155.465,17897.9225,16879.9575,17740.0325
2020-11-29,17734.33,18356.78,17536.2825,18197.3175
2020-11-30,18201.185,19867.6775,18201.0475,19709.54
2020-12-01,19710.6975,19919.2775,18106.75,18779.14
2020-12-02,18778.85,19345.0325,18340.775,19228.5225
2020-12-03,19220.4625,19616.6,18875.8675,19449.8775
2020-12-04,19442.015,19546.265,18578.045,18667.305
2020-12-05,18654.6875,19183.4925,18507.27,19159.9025
2020-12-06,19160.87,19427.66,18873.605,19382.2675
2020-12-07,19379.3375,19432.1425,18903.5,19178.0925
2020-12-08,19182.1275,19299.525,18158.5675,18317.92
2020-12-09,18314.79,18648.5375,17634.8325,18551.52
2020-12-10,18548.5225,18559.2775,17908.525,18247.86
2020-12-11,18250.97,18283.5,17575.405,18035.185
2020-12-12,18030.74,18962.175,18021.5375,18814.7425
2020-12-13,18813.5075,19416.4575,18723.3475,19164.8025
2020-12-14,19160.14,19344.135,18995.4025,19276.6175
2020-12-15,19276.5775,19561.085,19052.2625,19442.235
2020-12-16,19441.39,21574.2375,19295.1975,21370.875
2020-12-17,21360.8575,23770.835,21253.9125,22824.125
2020-12-18,22823.2075,23285.02,22339.66,23139.1
2020-12-19,23141.4825,24145.76,22768.5825,23856.9625
2020-12-20,23856.13,24298.685,23102.0775,23478.995
2020-12-21,23477.04,24111.9925,21894.5975,22729.9375
2020-12-22,22739.8975,23843.0975,22378.855,23834.1425
2020-12-23,23826.42,24090.325,22620.0175,23234.965
2020-12-24,23228.25,23775.1775,22713.435,23725.2675
2020-12-25,23724.985,24773.61,23415.7475,24705.6075
2020-12-26,24712.245,26816.0875,24493.8325,26458.9725
2020-12-27,26469.4325,28377.5525,25746.145,26259.1225
2020-12-28,26244.505,27474.655,26077.5475,27037.975
2020-12-29,27037.58,27397.02,25840.645,27370.3625
2020-12-30,27371.025,28998.565,27337.6975,28889.2925
2020-12-31,28891.96,29304.65,27931.1875,28980.4525
2021-01-01,28976.325,29685.86,28697.7925,29404.035
2021-01-02,29406.05,33275.3975,29040.885,32223.72
2021-01-03,32213.8175,34789.0725,31992.4175,33096.3175
2021-01-04,33087.9125,33663.4375,27741.085,32028.2225
2021-01-05,32042.0275,34505.9225,29913.0975,34052.6475
2021-01-06,34066.4,37017.26,33363.855,36873.235
2021-01-07,36870.75,40400.09,36332.535,39501.2625
2021-01-08,39502.535,41993.5625,36636.48,40658.6275
2021-01-09,40657.505,41415.19,38783.7925,40252.745
2021-01-10,40249.61,41452.4575,34562.7675,38173.345
2021-01-11,38170.4125,38270.6825,30265.99,35458.7275
2021-01-12,35446.215,36630.3925,32403.8,34034.27
2021-01-13,34033.685,37832.9975,32329.7975,37399.4125
2021-01-14,37393.2,40117.0575,36732.8125,39139.71
2021-01-15,39135.6625,39694.275,34355.89,36760.6625
2021-01-16,36771.7925,37942.4225,35366.2,36010.045
2021-01-17,36009.2125,36853.2525,33850.635,35822.635
2021-01-18,35821.3125,37429.5175,34766.6275,36625.1225
2021-01-19,36635.3575,37862.615,35892.9975,35915.7275
2021-01-20,35911.435,36414.62,33395.4775,35502.5025
2021-01-21,35506.705,35625.29,30027.815,30839.85
2021-01-22,30834.9025,33864.6475,28966.5475,33001.7675
2021-01-23,32993.905,33482.43,31416.4825,32111.9675
2021-01-24,32105.98,33081.37,30949.995,32291.01
2021-01-25,32293.7375,34883.565,31925.2075,32271.49
2021-01-26,32264.215,32949.3625,30839.7175,32513.14
2021-01-27,32518.9325,32584.79,29196.99,30427.465
2021-01-28,30425.22,33888.1925,29898.155,33460.75
2021-01-29,33465.565,38619.21,31987.0675,34257.6675
2021-01-30,34262.835,34913.1025,32860.2225,34321.5575
2021-01-31,34313.79,34388.2375,32203.0075,33138.715
2021-02-01,33128.5375,34715.3275,32329.08,33538.6675
2021-02-02,33525.58,36001.9175,33447.0525,35514.35
2021-02-03,35507.6375,37720.6475,35396.7925,37688.8725
2021-02-04,37695.575,38754.765,36191.795,36987.58
2021-02-05,36984.185,38355.405,36607.42,38309.9425
2021-02-06,38324.045,41002.87,38244.9975,39273.03
2021-02-07,39271.3675,39722.7775,37398.695,38868.57
2021-02-08,38877.0325,46747.33,38060.94,46431.245
2021-02-09,46425.3975,48209.83,45026.95,46507.4325
2021-02-10,46513.2875,47354.0225,43737.6775,44851.2175
2021-02-11,44852.7825,48696.6625,44033.3775,47987.3325
2021-02-12,48003.775,48953,46271.0225,47438.89
2021-02-13,47423.98,48216.0375,46264.995,47230.7775
2021-02-14,47243.4525,49702.79,47080.9625,48660.45
2021-02-15,48652.725,49053.3175,45805.93,47935.8025
2021-02-16,47954.68,50612.4425,47043.2875,49184.5275
2021-02-17,49161.2025,52681.6225,48946.5275,52161.055
2021-02-18,52152.79,52561.4975,50883.085,51591.845
2021-02-19,51583.0425,56363.1125,50718.8325,55970.9075
2021-02-20,55977.665,57526.8275,53990.5,55951.415
2021-02-21,55930.86,58372.285,55530.1025,57492.04
2021-02-22,57489.645,57576.72,47179,54157.43
2021-02-23,54146.56,54199.7775,45028.82,48910.7625
2021-02-24,48922.155,51435.8475,47013.0025,49748.1475
2021-02-25,49729.9475,52083.2225,46706.2525,47074.9725
2021-02-26,47064.12,48463.91,44145.545,46329.3875
2021-02-27,46334.9375,48363.0775,45046.42,46167.6375
2021-02-28,46143.98,46669.3775,43022.665,45238.64
2021-03-01,45247.535,49832.155,45046.505,49638.7375
2021-03-02,49636.5,50247.105,47067.8375,48502.02
2021-03-03,48489.2475,52664.005,48170.29,50383.17
2021-03-04,50387.995,51808.4,47500.75,48356.735
2021-03-05,48354.1025,49468.06,46294.005,48754.165
2021-03-06,48769.7,49235.55,47092.015,48902.95
2021-03-07,48918.635,51471.6825,48918.6075,50977.285
2021-03-08,50978.235,52419.14,49336.99,52408.405
2021-03-09,52414.055,54930.3875,51867.7275,54923.065
2021-03-10,54923.3825,57395.7575,53033.75,55858.515
2021-03-11,55887.4925,58134.7725,54280.01,57804.9625
2021-03-12,57844.1125,58080.98,55041.6975,57241.355
2021-03-13,57245.175,61768.795,56094.98,61173.205
2021-03-14,61182.42,61675.9225,58973.2475,58997.37
2021-03-15,58976.94,60583.1975,54579.2,55628.8325
2021-03-16,55619.235,56945.6175,53236.9875,56917.675
2021-03-17,56927.0775,58983.2925,54139.765,58917.345
2021-03-18,58935.775,60070.81,57016.6825,57640.2625
2021-03-19,57643.065,59455.7075,56270.245,58090
2021-03-20,58047.6425,59896.35,57842.8975,58117.48
2021-03-21,58098.9625,58690.7725,55520.0975,57378.6275
2021-03-22,57389.9675,58433.005,53743.575,54095.6
2021-03-23,54109.8675,55857.015,52986.0075,54364.5825
2021-03-24,54344.6,57215.575,51676.095,52289.62
2021-03-25,52280.7175,53241.0025,50375.5025,51324.1225
2021-03-26,51321.205,55115.325,51259.3725,55069.4325
2021-03-27,55078.1075,56654.62,53976.0875,55853.0675
2021-03-28,55847.195,56571.5875,54695.355,55786.5525
2021-03-29,55787.1175,58452.415,54900.515,57610.7275
2021-03-30,57617.5475,59386.7125,57028.105,58774.2275
2021-03-31,58779.575,59801.7475,56820.2625,58793.155
2021-04-01,58787.5975,59469.555,57941.705,58728.87
2021-04-02,58733.845,60070.765,58466.72,59004.0675
2021-04-03,58990.5175,59784.985,56942.5025,57091.5725
2021-04-04,57084.6675,58498.625,56478.295,58210.9525
2021-04-05,58211.5525,59267.465,56830.1725,59121.7175
2021-04-06,59127.0725,59462.7625,57331.6075,58022.615
2021-04-07,58026.6,58655.7575,55438.965,55940.0875
2021-04-08,55937.9125,58149.825,55702.8225,58075.6975
2021-04-09,58065.4275,58882.9825,57665.8825,58108.4575
2021-04-10,58120.65,61207.0475,57882.065,59776.6
2021-04-11,59773.855,60667.6225,59180.2275,59975.28
2021-04-12,59980.3525,61207.6625,59387.53,59839.575
2021-04-13,59834.645,63747.1125,59790.0525,63589.9225
2021-04-14,63598.0425,64898.555,61310.495,62974.7825
2021-04-15,62966.465,63843.0775,62032.6575,63237.2225
2021-04-16,63238.815,63589.01,60061.4025,61438.79
2021-04-17,61440.35,62583.915,59701.0625,60061.09
2021-04-18,60073.2525,60428.775,51597.7125,56271.87
2021-04-19,56257.9175,57612.065,54242.9125,55700.7925
2021-04-20,55700.7925,57121.435,53408.7675,56501.88
2021-04-21,56493.93,56815.54,53620.0975,53806.5825
2021-04-22,53811.6575,55479.345,50448.5225,51704.1075
2021-04-23,51700.0375,52125.0875,47449.9875,51187.5525
2021-04-24,51187.1675,51231.145,48735.405,50107.2925
2021-04-25,50111.84,50589.1275,47020.9125,49123.22
2021-04-26,49123.6625,54410.015,48817.06,54059.8475
2021-04-27,54044.9225,55516.6525,53331.4425,55080.8275
2021-04-28,55081.3225,56487.7225,53873.125,54895.465
2021-04-29,54890.7475,55232.535,52389.7325,53590.8525
2021-04-30,53588.74,58018.89,53077.7025,57789.0575
2021-05-01,57791.435,58538.5575,57067.1425,57859.9475
2021-05-02,57870.175,57974.3,56085.4775,56625.7675
2021-05-03,56617.0825,58984.0825,56507.07,57209.99
2021-05-04,57214.2275,57239.995,53085.2875,53239.4225
2021-05-05,53225.2725,57972.755,52946.1525,57511.91
2021-05-06,57513.26,58426.74,55270.4925,56439.795
2021-05-07,56437.5075,58726.755,55304.0325,57384.81
2021-05-08,57386.145,59546.02,56988.975,58969.925
2021-05-09,58964.3875,59295.8225,56280.6075,58303.4025
2021-05-10,58324.56,59594.7475,53501.0775,55879.4175
2021-05-11,55872.7375,56946.8125,54512.495,56759.9075
2021-05-12,56760.32,58011.03,48496.25,49459.7575
2021-05-13,49450.7875,51405.1925,45563.375,49685.1225
2021-05-14,49693.9575,51556.9275,48898.6675,49890.035
2021-05-15,49895.6275,50746.59,46559.7625,46756.4075
2021-05-16,46763.9825,49806.77,43796.375,46456.4725
2021-05-17,46453.9,46644.6125,42098.05,43577.1775
2021-05-18,43570.15,45842.2975,42302.9575,42879.025
2021-05-19,42891.2675,43585.1975,29876.05,36752.975
2021-05-20,36769.6325,42660.3975,34997.25,40612.6375
2021-05-21,40609.395,42286.12,33519.3575,37335.305
2021-05-22,37328.5525,38870.15,35259.9525,37485.48
2021-05-23,37477.6875,38295.44,31100.325,34730.7875
2021-05-24,34737.5725,39967.605,34431.2175,38853.5125
2021-05-25,38858.4525,39860.555,36489.3825,38384.4825
2021-05-26,38376.97,40889.7,37840.425,39294.965
2021-05-27,39295.2675,40425.205,37188.82,38536.2775
2021-05-28,38560.21,38900.745,34709.115,35685.1975
2021-05-29,35687.235,37323.2525,33658.335,34619.3575
2021-05-30,34636.9375,36507.8075,33409.8625,35676.71
2021-05-31,35670.66,37524.72,34196.4875,37308.4825
2021-06-01,37279.855,37923.395,35701.03,36685.2475
2021-06-02,36685.9975,38237.2675,35926.55,37580.4475
2021-06-03,37578.315,39484.6825,37180.7675,39229.3325
2021-06-04,39239.695,39272.9225,35582.8275,36864.8875
2021-06-05,36858.225,37925.7275,34834.3925,35536.965
2021-06-06,35536.7,36487.52,35257.32,35803.195
2021-06-07,35802.6825,36805.445,33330.3475,33584.455
2021-06-08,33569.8925,34070.955,31011.84,33412.1675
2021-06-09,33409.7075,37544.0575,32424.52,37401.73
2021-06-10,37413.4225,38426.9825,35815.685,36685.765
2021-06-11,36704.15,37677.5,35961.76,37336.5825
2021-06-12,37336.5875,37451.13,34668.78,35546.655
2021-06-13,35554.6275,39394.805,34789.5325,39026.525
2021-06-14,39026.76,41063.925,38756.7575,40534.765
2021-06-15,40534.46,41335.225,39501.835,40174.73
2021-06-16,40165.33,40495.2475,38094.855,38349.0475
2021-06-17,38352.3575,39560.6975,37373.78,38091.5475
2021-06-18,38101.2875,38208.0925,35147.245,35828.5925
2021-06-19,35835.41,36452.9525,34841.135,35496.7275
2021-06-20,35490.5575,36126.265,33351.2325,35592.295
2021-06-21,35593.3025,35749.11,31257.92,31628.705
2021-06-22,31613.265,33316.2275,28804.4,32531.0825
2021-06-23,32533.8975,34902.905,31901.5075,33676.2075
2021-06-24,33690.8925,35292.6925,32320.885,34666.66
2021-06-25,34670.1475,35304.64,31288.2575,31594.5075
2021-06-26,31589.3075,32712.1025,30170.08,32275.4475
2021-06-27,32275.5875,34732.8275,32014.125,34690.9775
2021-06-28,34706.3675,35308.1725,33875.2425,34488.3475
2021-06-29,34494.635,36650.9475,34247.8525,35907.5775
2021-06-30,35899.955,36094.52,34049.84,35041.1075
2021-07-01,35068.0775,35086.5175,32711.0625,33534.25
2021-07-02,33519.6675,33975.1025,32713.1325,33809.2275
2021-07-03,33806.4,34945.935,33331.0525,34684.7125
2021-07-04,34682.1675,35960.8775,34393.62,35293.315
2021-07-05,35283.9775,35287.76,33120.04,33697.2525
2021-07-06,33704.8575,35107.0525,33530.5075,34232.385
2021-07-07,34225.53,35075.04,33803.905,33882.7525
2021-07-08,33876.09,33941.29,32106.4,32883.2225
2021-07-09,32882.375,34105.7475,32279.99,33818.1725
2021-07-10,33824.505,34258.9525,33033.635,33519.4025
2021-07-11,33518.1,34602.9775,33335.9075,34251.9575
2021-07-12,34265.07,34670.7275,32671.06,33103.185
2021-07-13,33092.655,33335.505,32199.885,32727.8275
2021-07-14,32741.04,33113.145,31586.635,32819.0775
2021-07-15,32816.695,33185.58,31120.0775,31856.78
2021-07-16,31878.485,32256.475,31028.84,31394.39
2021-07-17,31389.82,31946.51,31177.1675,31527.1125
2021-07-18,31519.79,32442.1125,31120.5,31784.15
2021-07-19,31789.0925,31888.68,30414.8975,30830.1625
2021-07-20,30831.7525,31053.175,29293.86,29793
2021-07-21,29794.42,32862.605,29501.505,32135.375
2021-07-22,32136.545,32608.6425,31732.375,32291.6375
2021-07-23,32290.7475,33654.655,32025.225,33654.6525
2021-07-24,33655.2825,34521.015,33425.55,34289.215
2021-07-25,34291.6475,35446.245,33882.625,35428.2675
2021-07-26,35430.06,40564.455,35263.77,37268.7025
2021-07-27,37263.5325,39538.9575,36401.5875,39484.85
2021-07-28,39470.8,40917.8875,38799.6525,40026.4275
2021-07-29,40026.5025,40641.5425,39251.695,40029.9225
2021-07-30,40032.8975,42319.4675,38343.0175,42228.505
2021-07-31,42234.57,42406.4825,41051.2775,41493.865
2021-08-01,41497.9925,42604.7975,39425.6425,39867.6725
2021-08-02,39872.8,40451.5925,38691.27,39156.295
2021-08-03,39153.2425,39787.14,37619.825,38180.29
2021-08-04,38180.1375,39962.585,37497.5125,39728.1325
2021-08-05,39734.64,41421.1325,37316.515,40889.9125
2021-08-06,40889.615,43390.41,39889.4825,42839.7175
2021-08-07,42863.7275,44746.2375,42415.8175,44624.2
2021-08-08,44626.305,45363.41,43300.3225,43842.615
2021-08-09,43835.855,46502.635,42820.3725,46291.175
2021-08-10,46285.605,46723.825,44650.37,45599.3
2021-08-11,45600.155,46769.7525,45361.335,45553.7625
2021-08-12,45553.4275,46217.5025,43787.135,44424.67
2021-08-13,44415.9,47917.52,44254.8975,47838.4075
2021-08-14,47838.43,48178.0075,46030.8225,47115.0775
2021-08-15,47119.12,47400.905,45521.2425,47022.2825
2021-08-16,47021.725,48067.1475,45673.53,45917.8125
2021-08-17,45916.9025,47168.075,44412.1,44680.955
2021-08-18,44666.2,46026.9725,44224.0825,44702.93
2021-08-19,44676.69,47081.7475,43960.1375,46764.05
2021-08-20,46764.96,49409.025,46655.3275,49343.1725
2021-08-21,49345.1575,49814.37,48291.675,48872.535
2021-08-22,48873.46,49532.9275,48078.0475,49288.8975
2021-08-23,49291.6275,50518.98,49038.71,49530.47
2021-08-24,49512.7875,49873.9325,47602.265,47713.01
2021-08-25,47688.3725,49265.45,47122.21,49000.2575
2021-08-26,49002.3075,49366.68,46299.31,46858.64
2021-08-27,46850.485,49186.165,46370.4675,49084.0325
2021-08-28,49085.14,49315.3125,48349.945,48925.0275
2021-08-29,48928.4425,49659.25,47799.8225,48800.0725
2021-08-30,48794.5675,48902.695,46865.3625,46995.615
2021-08-31,46986.4875,48259.9,46713.6475,47140.64
2021-09-01,47124.365,49126.2375,46536.1875,48852.29
2021-09-02,48850.72,50391.7725,48632.3625,49289.2625
2021-09-03,49285.4975,51040.1375,48357.4625,50022.6475
2021-09-04,50026.1,50558.65,49391.555,49946.33
2021-09-05,49951.6675,51898.5725,49507.9075,51791.6375
2021-09-06,51791.6625,52803.0075,51018.4675,52698.0575
2021-09-07,52701.2175,52935.0525,42613.7525,46878.23
2021-09-08,46892.055,47376.9625,44430.98,46077.8625
2021-09-09,46063.6675,47403.8325,45520.355,46392.3625
2021-09-10,46385.2775,47031.7225,44139.39,44853.1875
2021-09-11,44852.78,45990.955,44747.26,45164.76
2021-09-12,45166.2275,46486.7825,44765.2025,46038.8925
2021-09-13,46040.8925,46881.1225,43415.665,44961.89
2021-09-14,44965.3025,47270.7275,44725.8825,47112.045
2021-09-15,47109.4025,48458.1925,46720.3525,48150.2275
2021-09-16,48136.2275,48494.0025,47039.04,47765.91
2021-09-17,47768.935,48174.68,46741.36,47291.0575
2021-09-18,47298.785,48817.1475,47057.62,48315.1775
2021-09-19,48307.6125,48396.255,46856.005,47249.3475
2021-09-20,47252.6175,47335.07,42490.9925,43011.9325
2021-09-21,43003.595,43629.175,39585.5525,40685.64
2021-09-22,40718.395,44034.7425,40582.81,43575.315
2021-09-23,43577.5275,44998.845,43108.655,44897.02
2021-09-24,44894.0825,45165.88,40705.64,42844.64
2021-09-25,42842.045,42990.38,41686.88,42712.155
2021-09-26,42705.0675,43942.7075,40805.61,43194.81
2021-09-27,43171.7475,44356.915,42120.7775,42177.77
2021-09-28,42167.305,42768.9,40892.3,41038.115
2021-09-29,41023.8325,42605.2275,40759.845,41533.695
2021-09-30,41527.9675,44103.67,41420.795,43821.91
2021-10-01,43822.7725,48490.17,43295.8425,48166.92
2021-10-02,48172.96,48353.56,47466.0125,47670.6225
2021-10-03,47659.6375,49252.37,47128.82,48235.595
2021-10-04,48232.78,49509.3875,46914.845,49241.84
2021-10-05,49253.8525,51907.185,49072.5725,51501.91
2021-10-06,51501.8725,55781.7775,50405.2625,55340.09
2021-10-07,55353.0225,55359.77,53358.5925,53798.51
2021-10-08,53810.2225,56136.42,53649.3575,53957.7325
2021-10-09,53961.75,55503.505,53690.4225,54966.9725
2021-10-10,54971.6475,56533.9,54119.0625,54696.93
2021-10-11,54677.15,57842.025,54450.1175,57493.035
2021-10-12,57487.2875,57684.5575,53928.4425,56007.4425
2021-10-13,56004.3125,57775.755,54247.0725,57376.32
2021-10-14,57379.6475,58537.7825,56827.29,57356.9225
2021-10-15,57359.2725,62901.595,56884.74,61668.5875
2021-10-16,61688.45,62360.35,60151.1225,60871.4575
2021-10-17,60874.1125,61705.8575,58928.515,61532.1675
2021-10-18,61527.5475,62679.65,59903.1625,62048.745
2021-10-19,62026.64,64481.03,61328.75,64278.115
2021-10-20,64292.1875,66993.3475,63535.7525,66023.1025
2021-10-21,66029.0125,66639.39,61079.5525,62210.005
2021-10-22,62204.89,63752.7,60018.55,60693.4425
2021-10-23,60689.78,61732.385,59635.78,61316.555
2021-10-24,61301.285,61480.9075,59521.5,60875.2975
2021-10-25,60862.755,63709.4975,60661.435,63087.895
2021-10-26,63089.0325,63286.655,59835.3175,60319.11
2021-10-27,60333.04,61488.4125,58110.1525,58473.77
2021-10-28,58482.7425,62500.085,57394.72,60600.135
2021-10-29,60601.56,62963.235,60187.07,62279.4025
2021-10-30,62274.69,62373.345,60705.6625,61899.5925
2021-10-31,61898.1475,62418.335,60013,61357.63
2021-11-01,61359.0625,62494.6125,59484.82,60947.0975
2021-11-02,60951.91,64307.2575,60677.65,63266.1025
2021-11-03,63269.015,63558.8625,60252.19,62937.0925
2021-11-04,62937.955,63128.465,60731.9825,61450.845
2021-11-05,61443.3825,62635.55,60788.3675,61016.1575
2021-11-06,61008.6225,61598.2975,60121.1775,61543.7625
2021-11-07,61539.35,63317.4725,61401.5775,63312.7675
2021-11-08,63313.0675,67789.05,63313.0675,67556.4625
2021-11-09,67551.1575,68535.8725,66272.5675,66947.1225
2021-11-10,66943.36,68997.75,62821.195,64936.2625
2021-11-11,64929.27,65605.49,64129.965,64822.07
2021-11-12,64805.79,65481.26,62523.145,64153.33
2021-11-13,64147.49,64980.565,63404.97,64406.96
2021-11-14,64403.79,65502.525,63607.715,65502.47
2021-11-15,65502.4725,66354.41,63376.5025,63617.4125
2021-11-16,63617.945,63620.4875,58611.3,60127.2875
2021-11-17,60114.9425,60847.7525,58456.2,60362.0725
2021-11-18,60364.3125,60969.26,56741.615,57052.64
2021-11-19,57040.3,58374.35,55900.045,58118.075
2021-11-20,58120.4275,59837.19,57431.21,59730.88
2021-11-21,59741.15,60068.09,58587.32,58666.18
2021-11-22,58669.22,59346.71,55650.79,56306.57
2021-11-23,56298.13,57878.93,55440.85,57573.43
2021-11-24,57571.15,57708.19,55894.41,57180.33
2021-11-25,57167.12,59442.02,57052.13,58971.93
2021-11-26,58983.15,59197.68,53539.26,53786.51
2021-11-27,53772.5,55332.68,53648.12,54775.66
2021-11-28,54760.62,57476.25,53317.32,57322.77
2021-11-29,57319.83,58908.16,56742.4,57838.79
2021-11-30,57838.34,59239.19,55923,56969.7
2021-12-01,57016.11,59103.77,56481.63,57241.55
2021-12-02,57232.25,57412.61,55851.75,56531.25
2021-12-03,56527,57572.31,52186.3,53676.95
2021-12-04,53660.92,53815.81,41631.28,49242.47
2021-12-05,49237.75,49761.72,47837.57,49467
2021-12-06,49472.65,50992.06,47171.66,50543.48
2021-12-07,50537.38,51980.92,50081.93,50636.64
2021-12-08,50634.99,51240.12,48696.24,50523.27
2021-12-09,50525.85,50827.67,47337.6,47582.37
2021-12-10,47572.78,49872.47,46891.87,47171.93
2021-12-11,47178,49514.17,46783.75,49394.45
2021-12-12,49413.96,50806.25,48679.56,50109.38
2021-12-13,50096.29,50220,45746.52,46725.12
2021-12-14,46732.73,48684.88,46311.06,48385.28
2021-12-15,48380.1,49503.71,46565.25,48884.45
2021-12-16,48883.71,49460.07,47543.48,47643.53
2021-12-17,47643.55,48038.83,45478.01,46176.46
2021-12-18,46156.92,47355.62,45526.28,46868.13
2021-12-19,46848.89,48313.62,46456.99,46696.22
2021-12-20,46682.33,47545.97,45581.22,46914.68
2021-12-21,46919.91,49333.41,46664.02,48924.74
2021-12-22,48917.86,49591.8,48465.16,48618.04
2021-12-23,48618.84,51391.27,48047.23,50838.48
2021-12-24,50844.29,51862.22,50451.24,50837.01
2021-12-25,50847.04,51155.94,50199.01,50440.34
2021-12-26,50425.83,51281.06,49451.85,50799.86
2021-12-27,50818.91,52103.63,50479.02,50702.05
2021-12-28,50707.74,50710.62,47307.33,47546.13
2021-12-29,47557.83,48140.49,46104.74,46475.49
2021-12-30,46470.94,47917.41,45937.05,47135.21
2021-12-31,47125.1,48580.49,45621.85,46198.9
2022-01-01,46202.77,47952.97,46201.22,47748.78
2022-01-02,47738.82,47981.62,46675.03,47317.13
2022-01-03,47300.8,47577.04,45702.55,46449.55
2022-01-04,46459.59,47518.14,45537.8,45831.42
2022-01-05,45832.38,46905.99,42479.65,43429.74
2022-01-06,43437.31,43774.67,42424.33,43102.27
2022-01-07,43099.92,43136.9,40630.01,41545.24
2022-01-08,41557.72,42312.65,40528.45,41691.12
2022-01-09,41691.19,42799.22,41218.37,41868.49
2022-01-10,41866.9,42246.94,39656.48,41842.27
2022-01-11,41840.1,43132.19,41291.06,42742.74
2022-01-12,42743.8,44341.98,42472.96,43928.88
2022-01-13,43928.66,44443.4,42331.18,42568.64
2022-01-14,42571.04,43469.64,41781.01,43091.7
2022-01-15,43089.85,43812.31,42553.69,43101
2022-01-16,43098.73,43489.16,42606.67,43171.39
2022-01-17,43174.04,43248.48,42022.19,42520.05
2022-01-18,42517.74,42857.21,41807.58,42622.29
2022-01-19,42624.98,42780.97,41697.31,42100.67
2022-01-20,42117.44,43476.37,41263.84,41363.23
2022-01-21,41347.9,41685.73,37403.43,38194.95
2022-01-22,38182.12,38465.07,36346.07,37146.04
2022-01-23,37152.38,38244.12,36805.48,38053.15
2022-01-24,38046.45,39003.69,35545.79,38369.21
2022-01-25,38371.72,39017.19,37621.54,38575.68
2022-01-26,38589.9,39732.91,36325.48,38464.14
2022-01-27,36834.78,38676.07,35534.99,37201.76
2022-01-28,37176.88,38016.6,36164.57,37743.16
2022-01-29,37729.26,38733.95,37309.76,38180.96
2022-01-30,38185.36,38370.82,37376.73,37923.56
2022-01-31,37913.28,38769.01,36655.99,38498.99
2022-02-01,38497.02,39288.75,38035.6,38723.35
2022-02-02,38739.08,38882.68,36606.38,36914.92
2022-02-03,36921.39,37390.62,36267.05,37322.6
2022-02-04,37325.51,41775.21,37060.28,41595.79
2022-02-05,41609.07,41969,40946.39,41418.02
2022-02-06,41422.08,42703.12,41128.25,42417.63
2022-02-07,42419.63,44525.24,41690.24,43869.2
2022-02-08,43879.07,45515.27,42694.13,44082.62
2022-02-09,44089.95,44852.98,43172.95,44420.56
2022-02-10,44416.64,45866.71,43219.87,43528.61
2022-02-11,43533.39,43970.62,41991.42,42397.41
2022-02-12,42394.52,43042.09,41756.92,42242.26
2022-02-13,42239.14,42773.05,41889.54,42073.76
2022-02-14,42074.56,42863.26,41576.16,42550.24
2022-02-15,42560.06,44776.31,42457.81,44573.39
2022-02-16,44574.41,44579.93,43331.68,43888.51
2022-02-17,43894.58,44191.7,40091.38,40546.12
2022-02-18,40538.77,40977.97,39436.35,39993.25
2022-02-19,39996.5,40462.57,39655.89,40104.1
2022-02-20,40101.21,40144.23,37994.3,38386.55
2022-02-21,38391.53,39495.19,36814.31,37032.64
2022-02-22,37026.12,38444.67,36363.75,38259.84
2022-02-23,38260.84,39282.1,37072.25,37261.73
2022-02-24,37262.01,39729.11,34329.29,38353.01
2022-02-25,38351.44,39710.99,38027.76,39232.14
2022-02-26,39232.39,40308.98,38599.38,39133.73
2022-02-27,39139.87,39879.78,37017.28,37711.29
2022-02-28,37712.31,44236.02,37461.68,43188.92
2022-03-01,43201.82,44977.21,42854.18,44438.27
2022-03-02,44439.96,45352.71,43353.54,43926.92
2022-03-03,43925.65,44103.67,41825.89,42466.71
2022-03-04,42467.35,42517.4,38585.79,39161.89
2022-03-05,39160.35,39616.73,38601.54,39406.8
2022-03-06,39401.93,39701.48,38100.06,38423
2022-03-07,38412.97,39552.59,37166.86,38008.62
2022-03-08,38000.69,39372.92,37869.55,38752.44
2022-03-09,38753.58,42592.68,38670.59,41964.16
2022-03-10,41952.6,42045.33,38562.48,39438.05
2022-03-11,39433.9,40240.74,38246.24,38735.35
2022-03-12,38734.32,39474.46,38671.66,38809.19
2022-03-13,38803.72,39309.96,37592.78,37790.82
2022-03-14,37785.75,39909.2,37572.55,39673.63
2022-03-15,39679.69,39908.84,38139.39,39351.91
2022-03-16,39323.03,41704.34,38846.01,41134.5
2022-03-17,41133.7,41480.98,40524.95,40951.81
2022-03-18,40950.66,42369.16,40139.42,41782.51
2022-03-19,41779.98,42403.4,41545.11,42228.16
2022-03-20,42229.39,42319.17,40932.14,41277.41
2022-03-21,41291.68,41576.99,40518.67,41027.61
2022-03-22,41017.81,43372.45,40906.23,42382.59
2022-03-23,42380.32,43022.8,41783.5,42910.55
2022-03-24,42906.53,44244.48,42629.48,44008.86
2022-03-25,44009.1,45120.79,43605.88,44325.51
2022-03-26,44331.57,44808.02,44106.65,44542.83
2022-03-27,44545.73,46948.42,44454.54,46856.67
2022-03-28,46852.57,48222.96,46678.63,47140.78
2022-03-29,47146.63,48124.61,46956.76,47454.07
2022-03-30,47450.46,47711.78,46558.45,47069.52
2022-03-31,47081.31,47620.79,45228.06,45526.92
2022-04-01,45520.97,46729.59,44245.62,46308.14
2022-04-02,46305.9,47211.05,45655.74,45821.46
2022-04-03,45821.98,47455.7,45564.64,46415.99
2022-04-04,46420.72,46888.33,45132.91,46602.28
2022-04-05,46604.52,47190.3,45375.78,45498.32
2022-04-06,45506.57,45524.26,43124.32,43181.76
2022-04-07,43173.92,43904.42,42744.05,43461.88
2022-04-08,43458.09,43977.2,42115.73,42281.62
2022-04-09,42267.51,42806,42128.53,42767.81
2022-04-10,42774.7,43435.06,41869.98,42155.88
2022-04-11,42161.99,42417.21,39219.44,39532.17
2022-04-12,39536.79,40690.77,39266.22,40087.3
2022-04-13,40090.95,41556.94,39590.38,41144.7
2022-04-14,41149.44,41498.15,39580.03,39953.82
2022-04-15,39957.1,40862.57,39788.77,40563.6
2022-04-16,40565.32,40700.29,40018.25,40389.5
2022-04-17,40384.85,40595.06,39563.54,39687.65
2022-04-18,39674.59,41087.55,38556.58,40809.49
2022-04-19,40810.1,41780.46,40586.14,41503.85
2022-04-20,41496.42,42218.37,40905.63,41375.16
2022-04-21,41375.89,42974.36,39777.82,40481.15
2022-04-22,40486.74,40794.93,39194.31,39719.22
2022-04-23,39711.92,39980.17,39305.35,39440.84
2022-04-24,39448.61,39933.62,38995.74,39465.69
2022-04-25,39460.95,40605.66,38211.01,40440.55
2022-04-26,40444.29,40794.43,37694.86,38123.48
2022-04-27,38117.16,39465.98,37893.12,39252.85
2022-04-28,39252.42,40376.47,38867.75,39748.89
2022-04-29,39748.42,39920.26,38156.71,38592.08
2022-04-30,38595.69,38789.62,37596.21,37648.79
2022-05-01,37644.98,38665.92,37403.24,38479.3
2022-05-02,38475.51,39161.83,38037.35,38511.75
2022-05-03,38507.81,38637.84,37515.93,37725.77
2022-05-04,37728.01,40032.42,37664.88,39680.04
2022-05-05,39678.74,39832.88,35538.6,36541.63
2022-05-06,36540.54,36652.28,35264.49,36010.24
2022-05-07,36010.16,36116.45,34779.46,35461.25
2022-05-08,35462.2,35497.62,33708.62,34027.56
2022-05-09,34035.88,34225.88,30027.24,30076.35
2022-05-10,30067.43,32638.87,29741.87,31001.31
2022-05-11,31004.06,32150.74,27715.67,28991.23
2022-05-12,28993.17,30092.28,25365.62,28928.01
2022-05-13,28937,30975.61,28683.22,29234
2022-05-14,29237.6,30280.22,28578.66,29874.84
2022-05-15,30046.96,31405.52,29444.3,31293.29
2022-05-16,31287.47,31288.29,29061.24,29832.75
2022-05-17,29838.75,30745.25,29411.65,30414.61
2022-05-18,30414.26,30667.54,28602.82,28672.03
2022-05-19,28667.77,30502.21,28654.51,30283.19
2022-05-20,30278.32,30727.4,28696.54,29166.42
2022-05-21,29168.29,29611.59,28919.32,29410.96
2022-05-22,29400.27,30459.38,29214.78,30264.11
2022-05-23,30260.6,30630.21,28841.88,29075.93
2022-05-24,29077.88,29811.2,28632.46,29630.68
2022-05-25,29627.35,30184.03,29308.62,29511.36
2022-05-26,29511.88,29851.26,27939.02,29175.27
2022-05-27,29169.81,29361.07,28251.13,28586.94
2022-05-28,28596.1,29231.76,28500.48,29013.09
2022-05-29,29013.88,29552.99,28815.2,29449.54
2022-05-30,29451.01,32199.46,29282.76,31719.73
2022-05-31,31706.31,32384.54,31202.17,31775.89
2022-06-01,31781.64,31951.03,29313.75,29787.13
2022-06-02,29789.19,30857.57,29571.43,30433.5
2022-06-03,30433.56,30668.52,29239.09,29673.24
2022-06-04,29678.33,29952.22,29454.37,29845.93
2022-06-05,29839.87,30149.96,29513.87,29899.4
2022-06-06,29902.42,31737.04,29871.22,31351.91
2022-06-07,31350.82,31547.6,29198.7,31107.6
2022-06-08,31104.91,31303.34,29837.64,30185.45
2022-06-09,30187.24,30669.94,29911.67,30080.69
2022-06-10,30078.77,30357.26,28833.25,29061.48
2022-06-11,29059.17,29407.09,28090.16,28387.02
2022-06-12,28395.94,28511.41,26517.39,26565.12
2022-06-13,26546.5,26849.82,21920.2,22458.28
2022-06-14,22445.38,23297.6,20820.76,22109.15
2022-06-15,22106.02,22773.55,20076.43,22560.52
2022-06-16,22558.72,22960.59,20203.56,20350.22
2022-06-17,20375.95,21331.2,20220.98,20441.06
2022-06-18,20440.54,20749,17591.96,18951.09
2022-06-19,18948.38,20790.46,17929.28,20552.98
2022-06-20,20550.63,21039.07,19631.43,20586.13
2022-06-21,20551.51,21701.44,20330.97,20702.57
2022-06-22,20702.41,20866.51,19750.68,19961.51
2022-06-23,19964.18,21205.32,19872.81,21096.53
2022-06-24,21099.88,21532.73,20720.29,21216.63
2022-06-25,21223.24,21589.19,20896.44,21481.56
2022-06-26,21478.41,21867.79,20957.93,21029.53
2022-06-27,21026.47,21517.6,20498.95,20711.61
2022-06-28,20715.23,21182.21,20173.33,20253.96
2022-06-29,20253.69,20401.41,19828.53,20091.47
2022-06-30,20096.49,20136.62,18608.03,19949.77
2022-07-01,19960.39,20883.93,18945.86,19248.11
2022-07-02,19254.56,19423.04,18963.38,19224.84
2022-07-03,19228.29,19630.9,18758.64,19292.67
2022-07-04,19294.22,20324.27,19033.98,20208.46
2022-07-05,20209.38,20726.41,19285.22,20162.71
2022-07-06,20161.75,20618.24,19747.43,20544.2
2022-07-07,20543.08,21840.99,20235.26,21621.52
2022-07-08,21617.25,22452.18,21174.99,21589.1
2022-07-09,21583.22,21954.89,21316.78,21581.19
2022-07-10,21580.64,21591.23,20634.71,20843.12
2022-07-11,20845.93,20853.02,19871.22,19946.61
2022-07-12,19945.38,20034,19227.92,19310.95
2022-07-13,19315.26,20338.83,18904.41,20229.58
2022-07-14,20222.12,20891.93,19609.22,20576.56
2022-07-15,20575.24,21188.96,20371.87,20828.63
2022-07-16,20825.38,21576.75,20477.43,21196.9
2022-07-17,21190.9,21662.48,20755.1,20793.29
2022-07-18,20790.02,22767.53,20761.84,22438.4
2022-07-19,22441.38,23795.06,21586.35,23402.53
2022-07-20,23399.61,24277.96,22922.33,23223.96
2022-07-21,23218.69,23431.68,22348.63,23158.95
2022-07-22,23156.26,23755.2,22514.32,22684.25
2022-07-23,22690.43,23000.27,21947.3,22459.15
2022-07-24,22459.72,23012.75,22268.45,22586.22
2022-07-25,22586.23,22664.9,21260.12,21306.56
2022-07-26,21308.58,21337.12,20709.26,21264.87
2022-07-27,21263.12,23119.04,21050.19,22964.43
2022-07-28,22969.77,24200.17,22566.12,23855.88
2022-07-29,23852.54,24459.8,23439.86,23789.6
2022-07-30,23788.07,24675.03,23524.73,23645.08
2022-07-31,23648.58,24189.32,23246.01,23315.95
2022-08-01,23304.94,23513.82,22861.52,23277.07
2022-08-02,23278.74,23463.05,22665.14,22994.19
2022-08-03,22995.62,23645.97,22696.42,22831.86
2022-08-04,22826.58,23227.41,22402.03,22621.93
2022-08-05,22627.17,23476.23,22592.67,23322.46
2022-08-06,23319.95,23350.12,22926.35,22952.69
2022-08-07,22957.86,23403.23,22855.5,23181.62
2022-08-08,23179.86,24245.04,23165.41,23820.8
2022-08-09,23816.39,23919.52,22880.85,23159.22
2022-08-10,23157.94,24220,22676.61,23961.97
2022-08-11,23960.8,24915.5,23869.59,23954.9
2022-08-12,23954.4,24461.1,23604.07,24413.41
2022-08-13,24417.98,24904.88,24305.96,24452.44
2022-08-14,24455.15,25045.61,24161.27,24314.02
2022-08-15,24315.41,25207.71,23786.19,24103.81
2022-08-16,24100.88,24247.78,23674.05,23865.17
2022-08-17,23864.33,24432.87,23189.52,23341.6
2022-08-18,23343.34,23595.27,23111.04,23196.34
2022-08-19,23192.52,23200.47,20793.1,20836.46
2022-08-20,20836.46,21368.71,20765.5,21140.87
2022-08-21,21144.06,21794.33,21072.19,21495.97
2022-08-22,21519.23,21531.6,20900.3,21404.35
2022-08-23,21404.18,21675.58,20897.17,21523
2022-08-24,21524.67,21902.85,21151.05,21370.71
2022-08-25,21368.69,21810.94,21315.27,21566.32
2022-08-26,21559.81,21873.84,20112.15,20246.01
2022-08-27,20240.68,20377.76,19804.96,20037.31
2022-08-28,20038.21,20154.5,19522.36,19550.11
2022-08-29,19553.98,20417.94,19552.04,20294.27
2022-08-30,20292.52,20573.94,19549.2,19811.34
2022-08-31,19821.28,20484.35,19811.57,20053.81
2022-09-01,20050.07,20201.73,19565.74,20127.44
2022-09-02,20130.6,20438.09,19762.1,19954.25
2022-09-03,19953.02,20048.74,19660.86,19835.94
2022-09-04,19835.06,20020.46,19594.03,20004.08
2022-09-05,20006.61,20051.5,19638.15,19791.58
2022-09-06,19793.65,20171.52,18667.06,18790.61
2022-09-07,18795.9,19460.3,18535.47,19285.24
2022-09-08,19295.25,19451.63,19017.93,19322.2
2022-09-09,19323.45,21602.83,19302.29,21370.03
2022-09-10,21373.53,21807.26,21132.57,21655.74
2022-09-11,21662.26,21861.83,21361.52,21839.13
2022-09-12,21834.42,22483.73,21559.45,22403.06
2022-09-13,22399.41,22789.75,19865.09,20174.25
2022-09-14,20174.37,20530.59,19623.9,20231.86
2022-09-15,20229.49,20333.47,19499.83,19699.88
2022-09-16,19703.79,19887.61,19322.35,19800.14
2022-09-17,19800.38,20186.15,19755.04,20117
2022-09-18,20117.31,20119.33,19343.39,19420.94
2022-09-19,19421.18,19679.1,18249.97,19538.12
2022-09-20,19536.8,19634.57,18725.93,18876.62
2022-09-21,18875.49,19910.47,18151.31,18456.46
2022-09-22,18463.28,19517.69,18366.56,19403.42
2022-09-23,19405.34,19491.02,18536.25,19289.97
2022-09-24,19288.92,19307.06,18813.06,18924.36
2022-09-25,18922.73,19176.25,18636.47,18808.52
2022-09-26,18807.41,19311.08,18689.95,19227.65
2022-09-27,19229.51,20379.09,18826.44,19081.15
2022-09-28,19082.54,19773.28,18478.88,19409.26
2022-09-29,19406.77,19641.12,18847.74,19594.92
2022-09-30,19596.28,20177.32,19154.78,19426.02
2022-10-01,19423.86,19484.26,19169.03,19315.3
2022-10-02,19313.68,19393.55,18931.51,19057.33
2022-10-03,19061.28,19710.86,18972.41,19634.52
2022-10-04,19633.27,20470.34,19500.47,20344.04
2022-10-05,20344.06,20366.35,19745.79,20163.1
2022-10-06,20161.99,20449.26,19874.41,19958.59
2022-10-07,19960.63,20055.76,19331.34,19532.76
2022-10-08,19533.12,19625.63,19252.18,19418.17
2022-10-09,19421.01,19559.37,19327.23,19445.94
2022-10-10,19442.08,19524.73,19031.76,19131.93
2022-10-11,19131.19,19263.11,18857.22,19056.5
2022-10-12,19057.97,19232.77,18977.98,19156.58
2022-10-13,19155.82,19503.13,18164.48,19380.96
2022-10-14,19378.24,19946.71,19076.03,19181.61
2022-10-15,19181.89,19225.48,18995,19069.45
2022-10-16,19071.81,19423.95,19067.87,19263.43
2022-10-17,19262.52,19671.52,19162.59,19550.45
2022-10-18,19549.83,19699,19100.47,19331.81
2022-10-19,19329.63,19358.06,19070.49,19125.59
2022-10-20,19127.11,19344.51,18912.65,19044.25
2022-10-21,19043.92,19246.83,18660.53,19166.92
2022-10-22,19169.34,19251.92,19118.86,19206.4
2022-10-23,19206.9,19685.95,19077.69,19570.93
2022-10-24,19570.86,19588.28,19166.9,19332.22
2022-10-25,19332.23,20411.47,19241.11,20086.89
2022-10-26,20086.89,21014.28,20064.25,20774.74
2022-10-27,20776.28,20874,20211.7,20292.27
2022-10-28,20292.32,20746.76,20021.87,20599.09
2022-10-29,20600,21067.55,20566.1,20820.06
2022-10-30,20819.77,20930.85,20524.7,20628.62
2022-10-31,20628.25,20831.32,20245.44,20495.81
2022-11-01,20495.71,20682.01,20334.23,20480.62
2022-11-02,20481.47,20801.25,20062.89,20153.01
2022-11-03,20152.98,20384.28,20042.74,20206.42
2022-11-04,20208.06,21297.91,20183.34,21150.52
2022-11-05,21151.9,21472.01,21086.29,21300.78
2022-11-06,21301.83,21361.7,20896.45,20914.74
2022-11-07,20910.54,21068.96,20398.07,20570.04
2022-11-08,20569.01,20667.72,17266.11,18547.62
2022-11-09,18545.28,18584.55,15597.07,15878.21
2022-11-10,15882.66,18146.27,15733.05,17557.04
2022-11-11,17557.43,17643.65,16358.02,16992.47
2022-11-12,16992.77,17033.02,16586.21,16776.14
2022-11-13,16778.31,16916.8,16238.86,16309.05
2022-11-14,16308.39,17145.88,15796.83,16590.41
2022-11-15,16589.83,17099.42,16513.04,16873.79
2022-11-16,16874.18,16981.01,16373.64,16647.91
2022-11-17,16653.12,16731.39,16408.27,16677.78
2022-11-18,16677.78,16972.72,16541.04,16681.04
2022-11-19,16684.07,16796.5,16544.11,16685.13
2022-11-20,16684.55,16730.28,16163.83,16255.15
2022-11-21,16255.1,16268.74,15479.42,15760.8
2022-11-22,15760.5,16282.11,15601.38,16195.94
2022-11-23,16196.3,16661.72,16150.96,16597.42
2022-11-24,16597.1,16786.79,16457.54,16587.76
2022-11-25,16587.76,16601.83,16342.08,16507.83
2022-11-26,16507.83,16684.08,16416.44,16452.93
2022-11-27,16452.61,16588.79,16400.08,16424.41
2022-11-28,16424.37,16476.28,16002.66,16209.05
2022-11-29,16209.03,16531.92,16098.52,16433.95
2022-11-30,16434.19,17243.55,16427.95,17167.82
2022-12-01,17167.37,17263.68,16875.37,16977.74
2022-12-02,16977.74,17099.28,16804.73,17094.08
2022-12-03,17093.97,17154.29,16878.3,16894.08
2022-12-04,16894.24,17199.43,16890.37,17113.75
2022-12-05,17113.5,17421.22,16878.1,16966.51
2022-12-06,16966.46,17101.61,16917.33,17088.06
2022-12-07,17086.91,17132.32,16706.03,16838.69
2022-12-08,16838.53,17295.42,16744.38,17229.22
2022-12-09,17229.11,17351.57,17072.43,17130.89
2022-12-10,17130.86,17225.95,17102.93,17130.07
2022-12-11,17130.32,17264.82,17079.64,17091.9
2022-12-12,17090.12,17240.04,16881.63,17210.86
2022-12-13,17209.6,17968.57,17093.5,17772.5
2022-12-14,17772.45,18365.03,17669.57,17804.11
2022-12-15,17804.2,17857.99,17285.86,17359.72
2022-12-16,17358.03,17508.68,16547.31,16633.41
2022-12-17,16633.82,16798.09,16588.09,16786.54
2022-12-18,16786.53,16854.32,16673.11,16745.81
2022-12-19,16746.1,16815.45,16273.92,16440.67
2022-12-20,16440.95,17014.17,16399.66,16902.24
2022-12-21,16900.02,16922.26,16740.75,16825.25
2022-12-22,16825.58,16866.14,16566.91,16819.09
2022-12-23,16818.88,16933.14,16757.97,16779.36
2022-12-24,16779.52,16853.37,16777.95,16840.76
2022-12-25,16840.66,16850.74,16723.75,16828.9
2022-12-26,16828.95,16930.09,16797.83,16913.94
2022-12-27,16914.67,16962.26,16594.92,16697.52
2022-12-28,16697.25,16764.29,16467.04,16538.67
2022-12-29,16538.67,16648.62,16486.3,16629.82
2022-12-30,16629.8,16638.17,16337.47,16597.29
2022-12-31,16597.22,16626.93,16475.41,16528.89
2023-01-01,16529.49,16619.63,16496.85,16613.48
2023-01-02,16613.59,16779.52,16550.33,16668.97
2023-01-03,16668.69,16766.33,16602.74,16670.73
2023-01-04,16670.29,16983.08,16650.66,16849.16
2023-01-05,16849.25,16871.78,16752.22,16825.79
2023-01-06,16825.98,17027.49,16679.81,16950.52
2023-01-07,16950.5,16977.59,16909.24,16944.81
2023-01-08,16944.76,17158.47,16915.83,17124.86
2023-01-09,17124.86,17394.45,17108.31,17179.7
2023-01-10,17179.69,17489.69,17150.45,17443.89
2023-01-11,17443.89,17989.86,17316.06,17941.69
2023-01-12,17940.97,19104.01,17912.4,18852.7
2023-01-13,18852.95,19994.4,18720.89,19932.48
2023-01-14,19932.28,21322.68,19900.39,20959.43
2023-01-15,20959.7,21056.74,20564.83,20884.18
2023-01-16,20884.77,21451.74,20630.28,21189.86
2023-01-17,21190.85,21583.05,20860.99,21140.12
2023-01-18,21139.76,21640.13,20404.71,20676.07
2023-01-19,20674.13,21192.16,20662.18,21085.41
2023-01-20,21085.37,22748.05,20872.99,22679.14
2023-01-21,22679.46,23354.14,22446.83,22785.95
2023-01-22,22785.94,23082.16,22311.85,22717.7
2023-01-23,22716.76,23170.81,22520.31,22921.29
2023-01-24,22921.38,23160.74,22467.03,22638
2023-01-25,22638.56,23818.19,22334.22,23056.8
2023-01-26,23056.8,23282.76,22865.5,23011.11
2023-01-27,23011.34,23501.54,22544.82,23080.06
2023-01-28,23080.66,23187.87,22891.64,23031.1
2023-01-29,23031.26,23955.61,22982.56,23750.97
2023-01-30,23750.61,23800.25,22508.73,22832.84
2023-01-31,22832.84,23306.97,22726.98,23132.21
2023-02-01,23131.79,23805.37,22776.77,23729.84
2023-02-02,23730.27,24258.14,23384.17,23491.99
2023-02-03,23490.43,23716.15,23215.5,23437.01
2023-02-04,23437.07,23582.07,23265.85,23332.69
2023-02-05,23331.97,23428.6,22766.06,22938.34
2023-02-06,22938.19,23151.78,22640.5,22764.17
2023-02-07,22763.81,23339.42,22751.35,23250.93
2023-02-08,23250.95,23444.46,22681.78,22966.38
2023-02-09,22965.96,23012.31,21703.39,21797.75
2023-02-10,21797.75,21937.66,21475.49,21635.15
2023-02-11,21634.75,21901.41,21611.98,21864.96
2023-02-12,21864.96,22087.32,21642.42,21787.12
2023-02-13,21787.3,21896.65,21375.49,21789.63
2023-02-14,21789.59,22323.57,21559.58,22211.03
2023-02-15,22211.03,24373.39,22060.37,24330.81
2023-02-16,24330.29,25249.69,23514.63,23519.85
2023-02-17,23520.17,25016.07,23356.78,24578.37
2023-02-18,24578.62,24869.32,24449.01,24638.27
2023-02-19,24638.17,25188.36,24207.4,24288.51
2023-02-20,24287.89,25113.05,23860.9,24841.34
2023-02-21,24841.18,25254.28,24163.34,24449.26
2023-02-22,24448.61,24467.75,23594.41,24186.54
2023-02-23,24186.66,24595.28,23625.97,23943.19
2023-02-24,23941.53,24126.9,22848.28,23190.5
2023-02-25,23190.5,23216.26,22761.85,23164.72
2023-02-26,23164.72,23679.4,23067.63,23558.98
2023-02-27,23559.82,23888.85,23123.47,23492.47
2023-02-28,23491.81,23595.91,23037.79,23133.61
2023-03-01,23135.8,23984.14,23037.71,23638.25
2023-03-02,23638.1,23793.26,23203.93,23467.3
2023-03-03,23467.43,23478.25,22001.13,22394
2023-03-04,22394,22624.68,22165.23,22349.12
2023-03-05,22348.82,22644.72,22210.29,22428.98
2023-03-06,22428.81,22595.64,22271.27,22417.1
2023-03-07,22414.14,22549.69,21949.46,22201.84
2023-03-08,22201.21,22281.36,21596.69,21701.47
2023-03-09,21701.73,21822.23,20052.82,20346.9
2023-03-10,20346.89,20347.77,19569,20222.68
2023-03-11,20222.68,20888.18,20158.99,20726.53
2023-03-12,20726.84,22309.17,20550,22242.23
2023-03-13,22237.22,24610.4,21953.91,24216.58
2023-03-14,24215.38,26531.99,24065.18,24758.48
2023-03-15,24758.21,25281.72,23954.36,24376.05
2023-03-16,24376.05,25215.27,24224.76,25051.83
2023-03-17,25051.89,27820.99,24950.22,27454.17
2023-03-18,27455.57,27775.2,26666.68,26976.15
2023-03-19,26976.08,28462.78,26903.61,28051.94
2023-03-20,28053.22,28560.56,27230.87,27806.91
2023-03-21,27806.8,28493.82,27417.02,28190.61
2023-03-22,28189.08,28910.47,26675.15,27319.63
2023-03-23,27318.17,28812.19,27187.22,28342.19
2023-03-24,28341.46,28419.87,27035.52,27493.31
2023-03-25,27493.31,27810.55,27191.34,27492.9
2023-03-26,27493.25,28221.22,27447.98,28001
2023-03-27,27999.24,28044.07,26535.12,27140.89
2023-03-28,27141.16,27505.73,26641.46,27274.8
2023-03-29,27274.77,28638.26,27259.84,28348.99
2023-03-30,28356.83,29175.12,27703.93,28012.29
2023-03-31,28012.12,28648.83,27531.06,28475.97
2023-04-01,28476.44,28816.22,28245.96,28469.31
2023-04-02,28469.2,28535.81,27881.95,28189.84
2023-04-03,28189.84,28512.23,27238.31,27811.63
2023-04-04,27811.07,28438.95,27674.63,28177.64
2023-04-05,28177.4,28782.17,27821.55,28180.65
2023-04-06,28180.89,28194.4,27719.73,28048.62
2023-04-07,28053.41,28116.8,27799.14,27927.76
2023-04-08,27928.86,28169.44,27889.68,27961.12
2023-04-09,27960.97,28541.01,27824.73,28336.98
2023-04-10,28337.3,29788.26,28182.66,29655.05
2023-04-11,29654.77,30577.75,29629.66,30235.59
2023-04-12,30235.59,30505.03,29682.7,29903.45
2023-04-13,29903.45,30624.91,29886.03,30408.8
2023-04-14,30409.61,31043.23,30009.48,30492.28
2023-04-15,30492.27,30616.96,30245.14,30318.23
2023-04-16,30318.47,30553.25,30149.19,30320.82
2023-04-17,30318.87,30328.56,29256.38,29447.25
2023-04-18,29447.25,30470.98,29125.98,30387.96
2023-04-19,30388.24,30417.42,28598.28,28816.34
2023-04-20,28816.36,29096.53,27992.61,28214.41
2023-04-21,28215.43,28305.18,27145.3,27257.38
2023-04-22,27257.09,27879.34,27137.06,27819.07
2023-04-23,27818.93,27819.88,27346.79,27592.89
2023-04-24,27592.83,27991.15,26978.53,27514.14
2023-04-25,27514.07,28392.59,27198.56,28301.82
2023-04-26,28301.82,30021.99,27240.93,28425.22
2023-04-27,28425.92,29885.81,28392.2,29480.04
2023-04-28,29481.88,29600.51,28917.14,29334.33
2023-04-29,29334.54,29459.21,29062.59,29246.06
2023-04-30,29246.03,29962.65,29112.25,29240.15
2023-05-01,29239.94,29338.85,27670.88,28085.02
2023-05-02,28085.06,28890.03,27880.76,28679.69
2023-05-03,28680.16,29264.93,28139.27,29032.03
2023-05-04,29032.08,29366.67,28689.16,28851.84
2023-05-05,28851.75,29692.56,28835.76,29537.89
2023-05-06,29537.42,29840.44,28403.58,28904.26
2023-05-07,28902.89,29187.13,28441.2,28462.89
2023-05-08,28465.68,28665.22,27289.3,27692.79
2023-05-09,27692.34,27828.49,27371.08,27645.16
2023-05-10,27644.66,28328.32,26814.68,27619.39
2023-05-11,27618.76,27659.31,26728.74,26987.97
2023-05-12,26988.18,27093.38,25827.1,26808.58
2023-05-13,26808.68,27056.99,26704.41,26787.17
2023-05-14,26787.69,27203.8,26596.86,26927.54
2023-05-15,26927.54,27673.28,26748.88,27167.35
2023-05-16,27165.53,27301.54,26863.04,27038.99
2023-05-17,27039,27493.17,26558.01,27404.3
2023-05-18,27404.3,27480.35,26367.57,26821.77
2023-05-19,26822.04,27171.94,26645.35,26890.71
2023-05-20,26890.71,27158.05,26840.6,27113.42
2023-05-21,27115.85,27278.39,26679.54,26752.43
2023-05-22,26751.74,27086.75,26544.21,26853.97
2023-05-23,26853.82,27480.33,26806.39,27224.36
2023-05-24,27224.27,27227.8,26076.32,26326.93
2023-05-25,26326.94,26609.12,25876.46,26478.85
2023-05-26,26478.44,26936.92,26339.17,26716.9
2023-05-27,26717.4,26896.29,26570.97,26869.59
2023-05-28,26871.32,28258.03,26787.6,28079.34
2023-05-29,28079.09,28457.93,27543.76,27744.77
2023-05-30,27746.49,28050.3,27565.93,27701.79
2023-05-31,27701.93,27836.27,26847.74,27218.46
2023-06-01,27217.93,27350.24,26622.44,26823.94
2023-06-02,26823.77,27304.65,26512.9,27252.07
2023-06-03,27252.99,27335.26,26932.81,27076.44
2023-06-04,27076.36,27456.98,26965.5,27121.86
2023-06-05,27122.87,27131.19,25422.74,25734.32
2023-06-06,25735.91,27352.89,25361.81,27240.65
2023-06-07,27240.63,27388.7,26136.72,26350
2023-06-08,26350.17,26819.04,26220.27,26509.58
2023-06-09,26508.93,26771.57,26297.26,26483.46
2023-06-10,26483.46,26530.67,25404.46,25854.68
2023-06-11,25854.68,26206.37,25658.84,25935.88
2023-06-12,25935.52,26098.46,25627.06,25904.71
2023-06-13,25904.75,26417.32,25716.89,25931.61
2023-06-14,25931.31,26073.17,24828.9,25127.23
2023-06-15,25126.93,25738.16,24757.79,25573.66
2023-06-16,25573.94,26471.19,25186.62,26329
2023-06-17,26329,26783.01,26172.86,26509.37
2023-06-18,26509.73,26688.03,26265.81,26338.83
2023-06-19,26338.8,27036.82,26263.89,26840.03
2023-06-20,26840.34,28407.64,26649.47,28315.77
2023-06-21,28315.26,30776.79,28283.75,29996.52
2023-06-22,29996.06,30491.28,29572.67,29890.82
2023-06-23,29891.43,31414.77,29816.57,30701.74
2023-06-24,30702.23,30807.63,30275.44,30545.75
2023-06-25,30545.78,31043.29,30287.51,30473
2023-06-26,30473,30656.06,29937.71,30270.85
2023-06-27,30270.86,31011.14,30229.38,30697.83
2023-06-28,30697.5,30711.12,29863.07,30080.68
2023-06-29,30080.68,30828.8,30044.76,30449.02
2023-06-30,30448.82,31267.44,29464.25,30469.98
2023-07-01,30469.86,30649.84,30327.5,30589.67
2023-07-02,30589.17,30781.56,30183.71,30617.86
2023-07-03,30617.87,31382.86,30588.13,31154.1
2023-07-04,31153.84,31325.98,30634.88,30775.34
2023-07-05,30775.34,30870.27,30193.18,30503.63
2023-07-06,30503.63,31510.38,29879.59,29910.44
2023-07-07,29911.35,30444.04,29763.37,30348.93
2023-07-08,30348.5,30381.53,30058.17,30292.66
2023-07-09,30292.66,30436.96,30079.9,30170.46
2023-07-10,30170.43,31037.05,29962.64,30418.12
2023-07-11,30419.48,30801.21,30316,30623
2023-07-12,30622.53,30967.8,30221.76,30386.03
2023-07-13,30386.39,31827.16,30265.92,31476.41
2023-07-14,31476.43,31626.13,29945.32,30331.88
2023-07-15,30331.98,30401.22,30265.31,30300.3
2023-07-16,30300.3,30444.53,30082.52,30245.6
2023-07-17,30244.83,30336.57,29674.43,30147.96
2023-07-18,30147.96,30237.75,29535.92,29864.26
2023-07-19,29864.94,30187.04,29770.01,29916.8
2023-07-20,29916.82,30413.8,29580.47,29805.48
2023-07-21,29805.48,30055.21,29734.55,29910.21
2023-07-22,29910,29991.25,29640.46,29786.08
2023-07-23,29785.49,30335.91,29743.95,30085.1
2023-07-24,30084.6,30095.89,28862.62,29178.1
2023-07-25,29178.47,29367.32,29058.31,29228.62
2023-07-26,29228.61,29681.44,29104.76,29348.33
2023-07-27,29348.08,29564.07,29083.82,29216.45
2023-07-28,29216.46,29522.31,29123.02,29317.29
2023-07-29,29317.63,29401.31,29262.47,29359.46
2023-07-30,29359.49,29443.06,29045.33,29279.33
2023-07-31,29279.19,29510.96,29117.06,29230.16
2023-08-01,29230.14,29711.19,28624.48,29698.56
2023-08-02,29700.24,30020.79,28926.22,29160.34
2023-08-03,29160.26,29392.93,28943.4,29182
2023-08-04,29182,29303,28794.34,29077.71
2023-08-05,29077.74,29110.42,28956.58,29048.65
2023-08-06,29048.73,29159.18,28958.12,29039.93
2023-08-07,29039.95,29239.81,28659.42,29179.08
2023-08-08,29179.13,30198.21,29109.28,29767.69
2023-08-09,29767.69,30112.14,29358.3,29566.13
2023-08-10,29566.16,29701.72,29317.58,29426.29
2023-08-11,29426.29,29529.15,29225.06,29400.81
2023-08-12,29400.81,29465.2,29355.8,29415.55
2023-08-13,29415.42,29442.63,29258.84,29280.68
2023-08-14,29281.26,29657.64,29086.72,29410.46
2023-08-15,29410.49,29455.18,29061.11,29171.11
2023-08-16,29170.51,29223.03,28695.75,28700.25
2023-08-17,28700.45,28752.09,25707.71,26636.54
2023-08-18,26632.3,26817.55,25635.74,26049.7
2023-08-19,26049.68,26261.36,25801.36,26094.41
2023-08-20,26094.4,26286.78,25986.5,26189.37
2023-08-21,26189.43,26235.87,25824.69,26123.47
2023-08-22,26124.68,26134.69,25376.45,26041.97
2023-08-23,26041.95,26796.9,25802.77,26426.2
2023-08-24,26426.23,26561.93,25868.4,26167.89
2023-08-25,26168.14,26281.14,25764.27,26050.46
2023-08-26,26050.48,26102.22,25984,26006.58
2023-08-27,26007.34,26167.97,25965.14,26090.67
2023-08-28,26090.67,26217.92,25859.19,26106.36
2023-08-29,26106,28133.3,25919.09,27723.45
2023-08-30,27723.2,27756.83,27036.36,27300.96
2023-08-31,27300.52,27531.2,25680,25933.06
2023-09-01,25932.85,26129.32,25329.84,25799.99
2023-09-02,25799.99,25974.51,25751.42,25867.76
2023-09-03,25867.76,26114.25,25809.39,25968.69
2023-09-04,25968.69,26082.92,25636.37,25813.74
2023-09-05,25813.99,25865.55,25566.53,25784.58
2023-09-06,25784.61,26014.16,25381.67,25752.96
2023-09-07,25752.94,26420.47,25608.22,26251.59
2023-09-08,26254.37,26431.34,25652.87,25907.09
2023-09-09,25907.11,25929.63,25800.02,25896.65
2023-09-10,25896.65,26012.4,25588.28,25831.23
2023-09-11,25832.7,25883.97,24919.64,25157.81
2023-09-12,25158.03,26523.44,25129.56,25840.88
2023-09-13,25840.61,26510.65,25769.69,26227.94
2023-09-14,26228.09,26843.12,26142.97,26532.4
2023-09-15,26532.4,26881,26227.87,26606.05
2023-09-16,26606.07,26768.54,26464.87,26566.95
2023-09-17,26566.92,26616.07,26416.1,26535.25
2023-09-18,26535.28,27418.17,26394.51,26765.06
2023-09-19,26765.9,27490.11,26680.89,27217.94
2023-09-20,27218.04,27387.78,26827.46,27128.9
2023-09-21,27128.9,27155.49,26374.56,26568.29
2023-09-22,26569.54,26729.87,26481.41,26581.06
2023-09-23,26581.06,26634.09,26520.81,26581.4
2023-09-24,26581.15,26725.61,26147.07,26250.5
2023-09-25,26249.8,26432.01,25989.83,26294.44
2023-09-26,26294.44,26389.35,26087.43,26193.8
2023-09-27,26203.61,26820.15,26095.16,26358.22
2023-09-28,26358.2,27295.76,26326.45,27025.96
2023-09-29,27026.17,27231.27,26691.82,26911.4
2023-09-30,26911.04,27094.04,26887.29,26968.4
2023-10-01,26968.2,28045.98,26961.35,27980.6
2023-10-02,27981.98,28584.79,27312.94,27505.92
2023-10-03,27504.94,27665.61,27178.84,27429.59
2023-10-04,27429.59,27825.91,27229.09,27791.13
2023-10-05,27792.66,28118,27366.62,27423.49
2023-10-06,27423.33,28255.18,27190.12,27946.99
2023-10-07,27946.99,28030.81,27864.69,27973.62
2023-10-08,27973.62,28106.01,27721.91,27933.75
2023-10-09,27933.75,27997.61,27277.55,27587.63
2023-10-10,27589.92,27730.12,27300.99,27396.55
2023-10-11,27395.12,27474.48,26537.83,26865.94
2023-10-12,26865.94,26930.45,26552.62,26755.5
2023-10-13,26755.5,27115.67,26673.87,26861.86
2023-10-14,26861.86,26974.96,26809.28,26855.62
2023-10-15,26855.62,27295.38,26816.84,27172.86
2023-10-16,27172.86,29980.17,27129.69,28517.96
2023-10-17,28517.96,28621.47,28094.81,28409.87
2023-10-18,28409.79,28973.94,28160.4,28329.7
2023-10-19,28329.64,28920.9,28137.38,28733.63
2023-10-20,28733.45,30235.88,28599.35,29682.89
2023-10-21,29682.89,30347.33,29484.06,29923.02
2023-10-22,29923.29,30225.63,29686.04,29998.27
2023-10-23,29998.09,34591.72,29902.22,33065.93
2023-10-24,33064.2,35069.19,32865.93,33921.29
2023-10-25,33923.86,35132.75,33700.09,34498.74
2023-10-26,34498.46,34837.57,33746.85,34159.78
2023-10-27,34159.16,34244.86,33404.98,33907.63
2023-10-28,33908.6,34489.7,33877.91,34090.07
2023-10-29,34089.82,34760.5,33948.63,34535.73
2023-10-30,34535.71,34864.27,34097.63,34496.69
2023-10-31,34498.47,34726.17,34059.09,34659.78
2023-11-01,34659.44,35615.38,34104.63,35441.03
2023-11-02,35441.03,35951.02,34332.98,34941.17
2023-11-03,34944.27,34945.92,34125.29,34734.39
2023-11-04,34734.15,35272.34,34612.24,35087.96
2023-11-05,35087.98,35386.04,34510.89,35042.56
2023-11-06,35043.15,35281.44,34768.03,35044.68
2023-11-07,35044.18,35915.91,34543.83,35429.47
2023-11-08,35430.25,36114.06,35110.42,35639.8
2023-11-09,35633.37,37973.94,35571.26,36709.903971
2023-11-10,36710.05652438,37533.6,36337.18776641,37304.77379417
2023-11-11,37304.56210845,37416.65,36728.11,37148.64725547
2023-11-12,37148.75230692,37235.53,36747.94,37071.80915969
2023-11-13,37075.94,37431.24,36363.79,36484.54
2023-11-14,36484.54,36752.37,34963.82,35560.21
2023-11-15,35559.48,37972.75,35369.19,37886.47
2023-11-16,37886.9,37954.34,35526.24,36183.56
2023-11-17,36183.56,36719.92,35872.33,36614.81
2023-11-18,36614.81,36852.97,36205.65,36582.13
2023-11-19,36582.65,37518.65,36406.19,37377.58
2023-11-20,37377.21,37760.87,36774.1,37469.15
2023-11-21,37468.84,37670.67,35765.58,35772.45
2023-11-22,35772.85,37866.36,35658.37,37418.75
2023-11-23,37419.13,37651.2,36901.24,37304.7
2023-11-24,37304.7,38409.39,37257.37,37717.89
2023-11-25,37717.89,37915.08,37620.86,37809.78
2023-11-26,37809.78,37836.06,37175.78,37465.83
2023-11-27,37465.22,37571.63,36741.24,37255.74
2023-11-28,37255.74,38360.69,36871.27,37818.22
2023-11-29,37818.22,38426.55,37591.07,37870.86
2023-11-30,37870.85,38148.48,37513.42,37728.97
2023-12-01,37727.75,38983.54,37622.28,38688.85
2023-12-02,38688.85,39717.12,38659.66,39471.17
2023-12-03,39471.04,40203.62,39292.85,39988.27
2023-12-04,39988.18,42418.78,39986.31,42005.44
2023-12-05,42005.44,44472.51,41410.51,44073.04
2023-12-06,44073.27,44284.98,43403.51,43771.48
2023-12-07,43770.88,44046.19,42847.91,43276.31
2023-12-08,43276.08,44715.44,43099.6,44185.19
2023-12-09,44185.12,44368.19,43606.51,43725.01
2023-12-10,43725.01,44057.17,43586.34,43801.2
2023-12-11,43801.2,43807.06,40234.37,41253.16
2023-12-12,41253.72,42077.11,40672.49,41473.28
2023-12-13,41473.11,43429.19,40611.07,42849.07
2023-12-14,42849.07,43412.68,41535.22,43030.52
2023-12-15,43030.52,43088.89,41685.63,41945.23
2023-12-16,41945.23,42699.64,41634.34,42273.53
2023-12-17,42273.34,42385.44,41244.8,41343.51
2023-12-18,41343.98,42712.04,40514.87,42617.58
2023-12-19,42617.58,43445.84,41815.41,42267.25
2023-12-20,42267.03,44266.96,42199,43655.71
2023-12-21,43655.71,44240.04,43301.47,43861.62
2023-12-22,43861.62,44394.85,43420.2,43974.33
2023-12-23,43973.54,44019.67,43330.54,43736.05
2023-12-24,43736.05,43961.45,42652.88,43005.68
2023-12-25,43007.66,43819.77,42763.25,43601.04
2023-12-26,43600.8,43601.56,41699.62,42520.23
2023-12-27,42520.23,43670.92,42114.52,43432.47
2023-12-28,43432.77,43814.65,42322.43,42594.77
2023-12-29,42594.77,43119.79,41372.34,42082.07
2023-12-30,42082.07,42609.35,41529.4,42146.38
2023-12-31,42146.38,42887.32,41987.01,42284.71
2024-01-01,42284.71,44173.08,42180.69,44165.88
2024-01-02,44166.14,45894.23,44165.35,44964.68
2024-01-03,44965.34,45508.68,40879.06,42855.11
2024-01-04,42855.11,44746.28,42641.18,44171.58
2024-01-05,44170.47,44346.61,42593.39,44188.64
2024-01-06,44188.81,44243.7,43435.76,44008.11
2024-01-07,44007.88,44502.05,43632.42,43947.06
2024-01-08,43947.19,47250.58,43220.49,46979.41
2024-01-09,46979.43,47975.24,45009.96,46147.55
2024-01-10,46147.27,47691.5,44350.85,46658.68
2024-01-11,46659.24,48965.41,45642.42,46354.23
2024-01-12,46354.35,46511.27,41527.04,42784.68
2024-01-13,42785.13,43238.36,42429.17,42834.13
2024-01-14,42834.13,43070.01,41722.11,41732.68
2024-01-15,41733.73,43328.08,41685.58,42491.28
2024-01-16,42490.68,43536.86,42064.7,43110.23
2024-01-17,43109.97,43181.49,42201.66,42761.67
2024-01-18,42761.67,42885.52,40648.61,41282.04
2024-01-19,41282.12,42144.62,40266.02,41619.59
2024-01-20,41619.59,41825.3,41426.45,41659.07
2024-01-21,41659.09,41849.15,41477.09,41551.57
2024-01-22,41551.55,41661.14,39420.95,39541.6
2024-01-23,39541.8,40128.66,38514.16,39853.25
2024-01-24,39853.52,40521.04,39467.47,40052.4
2024-01-25,40052.41,40283.63,39537.63,39945.62
2024-01-26,39946.29,42215.83,39802.64,41796.66
2024-01-27,41797.19,42187.6,41394.6,42111.19
2024-01-28,42111.22,42825.71,41632.72,42031.95
2024-01-29,42031.74,43298.8,41813.82,43296.19
2024-01-30,43296.17,43844.66,42688.66,42942.15
2024-01-31,42942.65,43735.15,42291.21,42580.43
2024-02-01,42580.43,43251.61,41864.91,43052.42
2024-02-02,43052.42,43456.6,42545.51,43185.97
2024-02-03,43186.04,43357.75,42862.87,42991.05
2024-02-04,42991.05,43102.3,42260.85,42570.33
2024-02-05,42570.33,43538.11,42241.35,42688.9
2024-02-06,42688.9,43329.71,42520.13,43043.57
2024-02-07,43043.94,44370.32,42778.34,44337.66
2024-02-08,44337.66,45594.13,44326.17,45279.32
2024-02-09,45279.31,48151.59,45253.34,47140.17
2024-02-10,47140.23,48175.56,46877.19,47772.77
2024-02-11,47772.77,48592.66,47586.23,48312.66
2024-02-12,48312.59,50331.18,47730.53,49934.34
2024-02-13,49934.94,50371.95,48345.52,49715.7
2024-02-14,49715.46,52040.63,49263.11,51814.67
2024-02-15,51813.82,52858.48,51362.03,51927.93
2024-02-16,51927.93,52609.21,51639.25,52177.35
2024-02-17,52177.35,52199.23,50662.6,51678.05
2024-02-18,51678.05,52391.5,51191.59,52147.67
2024-02-19,52148.37,52499.04,51702.43,51788.1
2024-02-20,51787.56,52985.33,50782.44,52270.68
2024-02-21,52271.09,52377,50664.94,51858.74
2024-02-22,51858.74,52050.48,50948.4,51293.8
2024-02-23,51293.82,51510.13,50504.22,50710.95
2024-02-24,50711.09,51686.61,50578.76,51560.77
2024-02-25,51560.77,51958.8,51285.45,51726.87
2024-02-26,51726.32,54904.32,50909.73,54475.62
2024-02-27,54475.62,57598.88,54474.94,57078.36
2024-02-28,57078.36,63999.4,56720.37,62461.81
2024-02-29,62461.81,63721.31,60464.39,61206.43
2024-03-01,61206.27,63144.73,60815.17,62419.9
2024-03-02,62419.53,62477.8,61625.44,62037.09
2024-03-03,62037.09,63265.2,61382.65,63153.53
2024-03-04,63153.35,68529.47,62435.3,68272.89
2024-03-05,68273.59,69098.16,59458.63,63805.59
2024-03-06,63806.8,67716.7,62869.13,66155.08
2024-03-07,66155.33,67993.47,65614.77,66857.22
2024-03-08,66856.84,70086.7,66227.15,68227.4
2024-03-09,68227.4,68684.03,68013.08,68459.98
2024-03-10,68460.78,70017.01,68249.54,69090.75
2024-03-11,69090.75,72863.62,67232.36,72148.23
2024-03-12,72148.22,72967.53,68721.59,71469.52
2024-03-13,71467.88,73631.22,71343.06,73085.94
2024-03-14,73085.94,73805.27,68680.88,71425.06
2024-03-15,71425.08,72387.77,65618.73,69468.63
2024-03-16,69469.06,70045.19,64811.97,65313.5
2024-03-17,65313.5,68832.37,64504.09,68343.27
2024-03-18,68343.39,68884.47,66522.06,67557.86
2024-03-19,67557.86,68110.55,61553.7,61930.92
2024-03-20,61930.92,68049.4,60761.07,67800.01
2024-03-21,67800.66,68212.81,64559.08,65510
2024-03-22,65510.02,66610.25,62304.12,63776.64
2024-03-23,63777.17,66005.84,63021.25,64010.32
2024-03-24,64010.32,67622.69,63793.54,67208.32
2024-03-25,67208.06,71121.69,66389.3,69882.16
2024-03-26,69882.21,71549.54,69331.15,69999.33
2024-03-27,69999.48,71726.51,68416.26,69464.48
2024-03-28,69464.53,71501.69,68874.44,70745.84
2024-03-29,70745.77,70913.09,69044.13,69854.65
2024-03-30,69854.65,70354.58,69584.19,69624.22
2024-03-31,69623.94,71391.72,69593.39,71316.08
2024-04-01,71316.94,71317.03,68086.79,69658.46
2024-04-02,69659.79,69701.79,64629.25,65481.2
2024-04-03,65481.25,66910,64526.68,65978.95
2024-04-04,65978.95,69300.98,65102.33,68509.51
2024-04-05,68509.51,68747.04,66008.71,67848.42
2024-04-06,67848.44,69683.56,67483.12,68912.02
2024-04-07,68912.71,70308.17,68845.48,69374.42
2024-04-08,69374.42,72753.16,69059.92,71620.26
2024-04-09,71621.12,71747.88,68237.94,69144.49
2024-04-10,69144.49,71113.08,67503.71,70603.08
2024-04-11,70603.08,71274.52,69572.75,70003.48
2024-04-12,70004.01,71230.75,65298.23,67129.26
2024-04-13,67129.16,67954.43,60778.99,63950.99
2024-04-14,63951.92,65881.69,62222.74,65742.41
2024-04-15,65742.41,66883.36,62369.07,63482.47
2024-04-16,63483.76,64345.92,61644.6,63809.94
2024-04-17,63810.64,64504,59735.98,61298.85
2024-04-18,61298.71,64101.36,60802.59,63466.01
2024-04-19,63466.56,65458.56,59644.25,63842.56
2024-04-20,63842.56,65437.54,63133.23,64965.29
2024-04-21,64965.29,65714.62,64261.92,64962.24
2024-04-22,64962.24,67232.58,64523.46,66831.37
2024-04-23,66831.41,67201.37,65837.33,66440.19
2024-04-24,66440.1,67068.83,63614.3,64290.8
2024-04-25,64290.8,65242.79,62776.59,64464.99
2024-04-26,64464.99,64789.47,63320.93,63757.02
2024-04-27,63757.04,63900.53,62414.01,63435.7
2024-04-28,63435.7,64321.92,62766.48,63075.21
2024-04-29,63075.93,64187.93,61790.5,63835.42
2024-04-30,63836.71,64699.48,59181.68,60652.82
2024-05-01,60653.06,60788.07,56537.33,58301.58
2024-05-02,58302.44,59521.43,56904.17,58987.16
2024-05-03,58983.69,63314.35,58815.9,62875.31
2024-05-04,62875.31,64546.76,62592.49,63915.26
2024-05-05,63915.26,64626.95,62904.48,64019.93
2024-05-06,64019.14,65490.54,62722.88,63172.1
2024-05-07,63172.1,64394.22,62268.25,62315.67
2024-05-08,62315.67,63010.56,60887.89,61198.71
2024-05-09,61197.92,63390.34,60621.04,63047.21
2024-05-10,63047.2,63451.11,60207.13,60791.81
2024-05-11,60791.81,61475.35,60480.46,60814.29
2024-05-12,60814.29,61842.47,60610.15,61464.48
2024-05-13,61463.73,63415.76,60738.23,62909.72
2024-05-14,62909.72,63096.43,61133.86,61563.41
2024-05-15,61563.41,66393.88,61316.01,66177.5
2024-05-16,66177.5,66729.92,64636.68,65257.47
2024-05-17,65257.48,67428.97,65115.94,67028.04
2024-05-18,67028.04,67386.32,66627.23,66935.63
2024-05-19,66935.63,67694.37,65902.37,66282.99
2024-05-20,66283.86,71495.51,66059.46,71417.6
2024-05-21,71415.93,71954.66,69178.38,70151.03
2024-05-22,70151.02,70631.51,68970.36,69150.9
2024-05-23,69150.9,70036.95,66411.83,67942.48
2024-05-24,67941.98,69206.16,66588.55,68515.41
2024-05-25,68514.98,69570.23,68491.06,69273.93
2024-05-26,69273.41,69520.11,68217.35,68495.95
2024-05-27,68495.95,70630.13,68228.76,69399.11
2024-05-28,69399.5,69531.77,67239.91,68343.57
2024-05-29,68343.57,68854.39,67078.45,67583.62
2024-05-30,67583.62,69412.65,67050.01,68264.67
2024-05-31,68264.67,69014.9,66657.17,67520.32
2024-06-01,67519.81,67805.55,67374.16,67696.76
2024-06-02,67696.31,68401.91,67258.55,67711.82
2024-06-03,67711.81,70224.57,67578.31,68772.11
2024-06-04,68772.11,71044.1,68557.24,70526.01
2024-06-05,70525.34,71753.35,70392.24,71108.86
2024-06-06,71108.86,71653.38,70137.87,70799.63
2024-06-07,70799.98,71933.05,68490.65,69326.61
2024-06-08,69326.61,69550.6,69151.71,69279.02
2024-06-09,69279.31,69837.12,69130.75,69635.98
2024-06-10,69635.97,70168.32,69187.39,69529.04
2024-06-11,69529.04,69548.25,66100.67,67282.4
2024-06-12,67282.4,69980.74,66896.26,68256.24
2024-06-13,68256.68,68371.51,66271.71,66752.26
2024-06-14,66752.37,67329.81,65048.82,66015.02
2024-06-15,66015,66422.82,65832.81,66191.38
2024-06-16,66191.38,66935.89,66000.36,66638.01
2024-06-17,66637.99,67248.14,65087.28,66456.09
2024-06-18,66456.09,66560,64047.41,65150.97
2024-06-19,65150.97,65687.34,64659.83,64939.18
2024-06-20,64939.18,66456.63,64541.5,64848.66
2024-06-21,64849.16,65026.73,63370.51,64103.47
2024-06-22,64103.47,64500.54,63915.25,64231.9
2024-06-23,64231.9,64491.3,63158.89,63182.54
2024-06-24,63182.55,63322.27,58500.49,60256.15
2024-06-25,60256.15,62343.97,60217.92,61762.91
2024-06-26,61763.3,62467.16,60702.99,60846.6
2024-06-27,60846.27,62344.4,60588.11,61664.49
2024-06-28,61664.49,62126.27,59980.7,60343.42
2024-06-29,60343.41,61100.42,60282.84,60867.4
2024-06-30,60867.41,62939.25,60616.65,62671.75
2024-07-01,62672.04,63750.62,62439.58,62798.26
2024-07-02,62798.63,63222.13,61758.79,62070.58
2024-07-03,62071.35,62191.64,59364.69,60118.85
2024-07-04,60118.85,60423.79,56719.16,56988.1
2024-07-05,56988.27,57511.26,53542.23,56613.21
2024-07-06,56613.99,58467.48,56024.18,58232.34
2024-07-07,58232.34,58429.89,55740.49,55865.04
2024-07-08,55864.9,58186.1,54293.09,56705.18
2024-07-09,56706.67,58255.17,56291.27,58038.82
2024-07-10,58038.63,59432.61,57168.61,57725.72
2024-07-11,57725.72,59432.72,57072.45,57333.89
2024-07-12,57333.89,58517.69,56550.89,57889
2024-07-13,57889.05,59847.24,57771.29,59216.17
2024-07-14,59216.48,61407.54,59212.71,60809.78
2024-07-15,60809.78,64913.21,60673.03,64751.42
2024-07-16,64751.42,65385.83,62424.07,65068.7
2024-07-17,65069.28,66128.32,63899.48,64118.39
2024-07-18,64118.56,65098.49,63239.65,63987.53
2024-07-19,63987.75,67365.84,63294.44,66647.53
2024-07-20,66648.06,67607.59,66271.22,67167.69
2024-07-21,67167.69,68377.41,65810.92,68182.41
2024-07-22,68182.41,68477.85,66586.96,67538.16
2024-07-23,67538.36,67766.54,65470.87,65955.56
2024-07-24,65955.56,67098.15,65136.19,65389.17
2024-07-25,65388.69,66129.38,63460.85,65788.25
2024-07-26,65788.25,68183.48,65720.72,67888.24
2024-07-27,67888.44,69400.91,66668.57,67900.28
2024-07-28,67900.66,68308.86,67067.66,68246.43
2024-07-29,68246.44,70015.86,66469.63,66783.51
2024-07-30,66783.51,66989.37,65315.55,66179.72
2024-07-31,66179.69,66818.7,64514.85,64613.01
2024-08-01,64613.7,65609.86,62282.79,65334.52
2024-08-02,65334.56,65527.61,61182.62,61441.42
2024-08-03,61441.42,62119.38,59797.51,60633.8
2024-08-04,60632.57,61073.33,57225.71,58124.67
2024-08-05,58125.11,58278.54,49111.87,53969.16
2024-08-06,53969.75,57045.48,53969.75,56043.79
2024-08-07,56042.84,57720.63,54584.69,55148.39
2024-08-08,55148.13,62713.56,54743.69,61694.1
2024-08-09,61694.3,61753.59,59560.79,60850.01
2024-08-10,60849.23,61486.2,60274.3,60946.53
2024-08-11,60946.52,61788.78,58334.62,58723.62
2024-08-12,58723.62,60683.46,57672.21,59351.93
2024-08-13,59352.19,61559.73,58461.18,60596.19
2024-08-14,60595.72,61727.31,58470.39,58701.9
2024-08-15,58701.89,59853.84,56150.16,57554.6
2024-08-16,57554.6,59824.98,57110.87,58884.89
2024-08-17,58884.89,59707.24,58811.96,59505.26
2024-08-18,59505.23,60269.38,58429.72,58435.43
2024-08-19,58435.43,59607.67,57836.69,59445.55
2024-08-20,59445.55,61395.33,58612.88,59032.08
2024-08-21,59032.09,61818.68,58808.26,61158.13
2024-08-22,61158.53,61410.36,59785.95,60387.52
2024-08-23,60387.28,64938.03,60349.92,64041.06
2024-08-24,64041.93,64510.42,63603.14,64198.68
2024-08-25,64198.51,64998.01,63806.56,64244.37
2024-08-26,64244.05,64499.77,62839.62,62864.15
2024-08-27,62864.91,63218.69,58084.55,59426
2024-08-28,59426.68,60222.51,57886.45,59038.94
2024-08-29,59035.31,61164.22,58769,59367.32
2024-08-30,59367.17,59904.13,57782.58,59122.55
2024-08-31,59122.23,59445.03,58738.92,58963.04
2024-09-01,58963.19,59063.78,57200.17,57294.41
2024-09-02,57294.11,59417.4,57131.5,59130.9
2024-09-03,59130.9,59798.99,57416.49,57485.7
2024-09-04,57485.77,58498.58,55633.62,57955.7
2024-09-05,57955.69,58321.86,55663.97,56176.74
2024-09-06,56177.23,56972.32,52568.05,53942.92
2024-09-07,53943.29,54825.1,53731.1,54138.52
2024-09-08,54139.54,55301.85,53627.54,54861.39
2024-09-09,54860.83,58010.1,54588.6,57036.22
2024-09-10,57037.33,58049.17,56411.91,57644.57
2024-09-11,57643.87,57975.18,55567.46,57334.42
2024-09-12,57333.7,58541.5,57331.58,58136.85
2024-09-13,58136.83,60619.6,57635.42,60492.4
2024-09-14,60492.4,60640.45,59482.73,60024.82
2024-09-15,60024.74,60387.24,58705.69,59143.29
2024-09-16,59143.29,59203.81,57501.89,58210.45
2024-09-17,58210.27,61301.94,57614.6,60301.43
2024-09-18,60301.53,61785.71,59196.44,61761.24
2024-09-19,61761.24,63848.07,61574.17,62948.92
2024-09-20,62948.92,64128.63,62361.56,63207.65
2024-09-21,63207.65,63541.92,62765.79,63354
2024-09-22,63354.09,64004.14,62389.28,63581.79
2024-09-23,63582.02,64734.03,62594.77,63334.1
2024-09-24,63334.1,64677.71,62727.06,64259.84
2024-09-25,64259.84,64799.96,62948.12,63149.84
2024-09-26,63150.36,65767.98,62659.78,65153.56
2024-09-27,65153.6,66448.98,64831.65,65780.82
2024-09-28,65780.91,66253.23,65435.9,65865.82
2024-09-29,65865.82,66076.49,65443.32,65610.48
2024-09-30,65610.48,65624.51,62877.24,63333.91
2024-10-01,63333.91,64107.5,60170.68,60804.36
2024-10-02,60803.97,62347.93,59985.53,60635.65
2024-10-03,60635.65,61461.8,59863.83,60739.06
2024-10-04,60739.06,62469.85,60458.44,62073.33
2024-10-05,62073.66,62365.57,61690.61,62057.09
2024-10-06,62057.09,62958.07,61807.62,62817
2024-10-07,62817,64434.59,62131.29,62215.31
2024-10-08,62215.91,63178.6,61861.74,62142.54
2024-10-09,62142.02,62505.15,60287.08,60601.56
2024-10-10,60601.56,61262.18,58901.8,60270.16
2024-10-11,60270.17,63351.76,60038.33,62475.42
2024-10-12,62475.59,63447.57,62465.69,63181.71
2024-10-13,63181.8,63266.54,62033.59,62850.2
2024-10-14,62850.22,66461.76,62434.5,66056.71
2024-10-15,66057.14,67901.09,64800.57,67049.62
2024-10-16,67049.61,68393.01,66744.15,67606.05
2024-10-17,67606.19,67924.19,66662.32,67405.89
2024-10-18,67405.85,68976.06,67171.46,68403.49
2024-10-19,68403.16,68683.05,68012.07,68365.42
2024-10-20,68365.42,69380.74,68089.36,69018.19
2024-10-21,69018.19,69488.97,66825.11,67356.34
2024-10-22,67356.34,67786.75,66568.67,67396.05
2024-10-23,67396.05,67410.14,65216.96,66624.4
2024-10-24,66624.4,68771.11,66444.01,68124.62
2024-10-25,68124.86,68718.99,65573.68,66657.31
2024-10-26,66657.55,67306.72,66316.67,66958.59
2024-10-27,66958.59,68226.49,66847.86,67930.66
2024-10-28,67930.66,70183.96,67536.27,69871.42
2024-10-29,69872.39,73565.61,69716.72,72689.38
2024-10-30,72689.38,72920.81,71425.94,72325.4
2024-10-31,72325.68,72668.4,69665.16,70272
2024-11-01,70272.01,71517.84,68737.4,69407.96
2024-11-02,69408.69,69867.13,68992.96,69327.83
2024-11-03,69320.28,69365.03,67463.27,68748.59
2024-11-04,68748.07,69459.68,66813.74,67823.44
2024-11-05,67823.44,70496.45,67441.03,69331.84
2024-11-06,69332.08,76375.95,69293.58,75567.98
2024-11-07,75567.98,76884.75,74483.19,75915.04
2024-11-08,75915.04,77229.57,75640.15,76558.57
2024-11-09,76558.57,76945.54,75767.9,76723
2024-11-10,76723,81468.34,76528.66,80397.23
2024-11-11,80398.01,89576.35,80269.79,88703.61
2024-11-12,88702.38,90030.47,85194.7,88053.1
2024-11-13,88059.89,93322.82,86207.97,90459.32
2024-11-14,90459.32,91859.45,86786.94,87424.56
2024-11-15,87425.27,91832.07,87087.19,91034.61
2024-11-16,91034.58,91776.58,90097.03,90581.65
2024-11-17,90583.12,91473.85,88753.71,89876.59
2024-11-18,89878.14,92586.29,89395.29,90473.71
2024-11-19,90473.64,93943.19,90410.94,92340.41
2024-11-20,92341.05,94932.82,91618.23,94410.28
2024-11-21,94410.46,99024.9,94111.8,98393.04
2024-11-22,98392.74,99662.22,97243.31,98987.79
2024-11-23,98987.79,99004.5,97236.77,97769.99
2024-11-24,97769.99,98628.18,95831.12,97985
2024-11-25,97985.03,98953.96,92732.26,93108.59
2024-11-26,93108.59,94966.43,90799.17,91957.4
2024-11-27,91957.4,97154.39,91756.67,95814.13
2024-11-28,95814.13,96645.51,94727.86,95727.22
2024-11-29,95727.31,98622.31,95373.19,97464.89
2024-11-30,97465.06,97498.52,96135.72,96451.82
2024-12-01,96451.16,97876.18,95749.71,97244.07
2024-12-02,97243.47,98171.44,94473.97,95890.43
2024-12-03,95890.59,96318.78,93619.07,95883.21
2024-12-04,95882.74,99057.88,94659.26,98668.02
2024-12-05,98667.25,104100.85,91950.39,97084.36
2024-12-06,97083.18,101987.45,96471.24,99841.87
2024-12-07,99843.76,100577.73,99031.44,99983.7
2024-12-08,99983.7,101417.79,98754.13,101186.35
2024-12-09,101186.35,101262.85,94261.49,97379.83
2024-12-10,97379.83,98295.68,94315.85,96628.93
2024-12-11,96628.89,101931.75,95725.49,101176.3
2024-12-12,101176.56,102568.99,99378.34,100062.38
2024-12-13,100062.04,101899.39,99229.33,101434.2
2024-12-14,101434.2,102649.62,100631.66,101432.34
2024-12-15,101432.34,105133.23,101217.05,104432.4
2024-12-16,104432.16,107746.87,103326.18,106022.38
2024-12-17,106022.38,108367.38,105368.76,106160.82
2024-12-18,106161.43,106495.23,100041.75,100210.53
2024-12-19,100210.62,102745.57,95661.88,97416.84
2024-12-20,97417.33,98143.75,92209.51,97719.25
2024-12-21,97719.71,99491.81,96378.17,97235.03
2024-12-22,97232.93,97386.14,94205.57,95129.77
2024-12-23,95129.77,96433.84,92445.09,94788.81
2024-12-24,94788.81,99346.24,93453.03,98540.12
2024-12-25,98539.98,99482.3,97589.31,99363.7
2024-12-26,99363.16,99872.4,95129.39039537,95707.23
2024-12-27,95707.25,97360.82,93406.34,94188.87
2024-12-28,94187.9,95570.71,94000.24,95159.43
2024-12-29,95159.02,95164.22,92861.95,93564.61
2024-12-30,93564.61,94834.17,91378.37,92625.28
2024-12-31,92625.28,96057.99,91885.57,93401.86
2025-01-01,93403.02,94947.39,92759.28,94393.23
2025-01-02,94393.23,97625.56,94201.73,96782.18
2025-01-03,96781.12,98868.07,96009.38,98073.62
2025-01-04,98073.62,98713.2,97515.02,98172.57
2025-01-05,98172.57,98800.14,97264.08,98346.45
2025-01-06,98345.98,102449.88,97900.07,102208.74
2025-01-07,102208.74,102718.7,96229.17,96991.47
2025-01-08,96990.11,97250.52,92540.59,95055.77
2025-01-09,95055.16,95348.77,91207.21,92522.62
2025-01-10,92522.21,95799.73,92245.47,94720.51
2025-01-11,94720.51,94999.2,93829.19,94583.97
2025-01-12,94583.96,95395.73,93680.06,94506.34
2025-01-13,94506.05,95868.62,89294.09,94486.53
2025-01-14,94486.64,97329.12,94315.48,96522.21
2025-01-15,96522.21,100640.74,96469.07,100462.6
2025-01-16,100464.91,100863.26,97374.69,99994.37
2025-01-17,99994.06,105826.54,99940.56,104063.41
2025-01-18,104063.2,105017.72,102321.12,104588.64
2025-01-19,104588.64,106292.15,99560.16,101204.35
2025-01-20,101204.35,109396.43,99462.66,102130.99
2025-01-21,102130.81,107105.87,100078.65,106019.48
2025-01-22,106019.3,106382.15,103360.31,103709.52
2025-01-23,103709.43,106788.16,101227.38,103859.17
2025-01-24,103859.16,107124.49,102773.03,104881.09
2025-01-25,104880.79,105275.71,104103.98,104736.02
2025-01-26,104736.02,105461.24,102503.76,102603.67
2025-01-27,102604.77,103216.34,97759.61,102045.3
2025-01-28,102045.99,103742.07,100260.37,101323.48
2025-01-29,101323.93,104720.9,101270.23,103679.05
2025-01-30,103678.74,106420.93,103315.92,104728.54
2025-01-31,104728.51,106015.74,101589.36,102437.64
2025-02-01,102437.64,102750.29,100258.62,100607.47
2025-02-02,100607.47,101433.86,96168.04,97676.98
2025-02-03,97677.16,102433.41,91266.16,101310.21
2025-02-04,101310.19,101802.93,96249.45,97857.7
2025-02-05,97857.65,99144.93,96182.99,96631.55
2025-02-06,96632.02,99122.3,95695.87,96561.76
2025-02-07,96561.77,100134.71,95651.21,96514.28
2025-02-08,96514.28,96897.91,95717.1,96465.73
2025-02-09,96466.67,97332.87,94738.86,96477.68
2025-02-10,96477.68,98346.7,95282.27,97446.97
2025-02-11,97446.98,98493.84,94900.94,95791.93
2025-02-12,95791.93,98086.03,94081.37,97855.03
2025-02-13,97855.03,98085,95240.64,96613.77
2025-02-14,96613.76,98833.29,96292.47,97508.09
2025-02-15,97508.09,97975.87,97233.82,97579.82
2025-02-16,97579.83,97721.89,96070.2,96137.19
2025-02-17,96135.81,97041.63,95219.24,95784.7
2025-02-18,95784.7,96735.87,93386.63,95654.59
2025-02-19,95653.88,96821.18,94996.06,96585.31
2025-02-20,96588.72,98706.05,96414.36,98297.15
2025-02-21,98297.14,99495.72,94915.8,96193.81
2025-02-22,96193.65,96918.85,95730.34,96495.16
2025-02-23,96494.6,96657.85,95260.34,96267.34
2025-02-24,96267.34,96495.74,91349.89,91553.36
2025-02-25,91553.36,92521.14,86047.25,88665.87
2025-02-26,88666.75,89302.68,82174.6,84132.52
2025-02-27,84131.24,86943.61,82612.72,84587.34
2025-02-28,84587.34,85028.6,78219.9,84273.72
2025-03-01,84273.72,86512.93,83792.99,86027.63
2025-03-02,86027.57,94970.44,85027.15,94234.98
2025-03-03,94237.87,94415.96,85144.38,86224.67
2025-03-04,86224.68,88883.82,81480.29,87216.88
2025-03-05,87216.88,90963.57,86378.3,90588.54
2025-03-06,90588.54,92802.64,87857.39,89930.35
2025-03-07,89930.46,91255.11,84705.63,86795.31
2025-03-08,86795.31,86858.29,85220.79,86185.71
2025-03-09,86185.71,86473.98,80009.33,80706.8
2025-03-10,80706.61,84014.64,77449.57,78575.36
2025-03-11,78574.3,83568.29,76598.73,82885.66
2025-03-12,82885.66,84382.44,80600.46,83653.6
2025-03-13,83653.12,84302.64,79927.73,81091.33
2025-03-14,81090.6,85259.56,80791.76,83939.05
2025-03-15,83939.72,84678.18,83633.78,84340.53
2025-03-16,84340.53,85084.16,82000.86,82581.67
2025-03-17,82581.54,84736.29,82475.62,84005.53
2025-03-18,84005.53,84016.85,81157.33,82711.42
2025-03-19,82711.43,86981.78,82535.13,86822.47
2025-03-20,86823.28,87454.58,83681.03,84241.12
2025-03-21,84240.58,84788.38,83132.38,84039.85
2025-03-22,84038.68,84506.62,83637.77,83814.77
2025-03-23,83814.76,86109.64,83797.49,86065.24
2025-03-24,86079.47,88761.99,85523.36,87493.95
2025-03-25,87493.63,88545.49,86346.24,87424.5
2025-03-26,87423.79,88292.21,85878.19,86921.9
2025-03-27,86921.9,87759.17,85837.5,87238.25
2025-03-28,87238.25,87489.8,83578.36,84399.88
2025-03-29,84400.34,84577.79,81625.48,82608.28
2025-03-30,82609.27,83508.14,81548.02,82348.9
2025-03-31,82349.95,83911.2,81279.41,82545.08
2025-04-01,82544.56,85515.13,82417.05,85145.96
2025-04-02,85148.22,88454.91,82341.68,82519.49
2025-04-03,82519.99,83919.79,81233.29,83166.42
2025-04-04,83166.51,84689.69,81637.16,83857
2025-04-05,83856.79,84234.94,82360.65,83506.02
2025-04-06,83505.44,83739.49,77134.59,78389.87
2025-04-07,78387.38,81140.43,74458.42,79109.77
2025-04-08,79109.5,80824.48,76208.85,76286.05
2025-04-09,76285.93,83506.88,74565.33,82534.72
2025-04-10,82534.72,82719.6,78451.65,79586.18
2025-04-11,79586.18,84232.8,78930.36,83369.12
2025-04-12,83369.12,85856.69,82759.13,85241.74
2025-04-13,85241.74,86064.58,83035.02,83749.21
2025-04-14,83749.68,85771.06,83664.81,84569.07
2025-04-15,84568.73,86456.6,83596.17,83639.1
2025-04-16,83639.1,85468.46,83106.4,84025.68
2025-04-17,84025.94,85468.85,83742.66,84946.32
2025-04-18,84945.91,85130.79,84310.16,84473.48
2025-04-19,84473.18,85623.83,84359.46,85069.6
2025-04-20,85069.36,85313.14,83951.04,85172.78
2025-04-21,85172.78,88456.45,85143.4,87512.97
2025-04-22,87512.57,93876.17,87084.49,93440.69
2025-04-23,93439.14,94612.47,91980.04,93725.34
2025-04-24,93726.3,94034.53,91705.52,94013.61
2025-04-25,94013.52,95773.15,92891.31,94678.2
2025-04-26,94680.13,95254.37,93932.63,94682.83
2025-04-27,94682.83,95347.6,93657.41,93770.81
2025-04-28,93772.19,95626,92839.27,95039.6
2025-04-29,95039.6,95474.15,93772.12,94280.06
2025-04-30,94280.59,95246.06,92951.99,94198.8
2025-05-01,94198.8,97433.46,94143.88,96499.1
2025-05-02,96499.1,97915.45,96380.82,96915.96
2025-05-03,96915.96,96955.16,95796.31,95893.05
2025-05-04,95894.54,96319.38,94183.5,94301.11
2025-05-05,94301.12,95206.04,93541.38,94743.18
2025-05-06,94743.18,96907.56,93395.67,96824.91
2025-05-07,96824.63,97709.58,95789.97,97025.75
2025-05-08,97025.97,104095.83,96903.36,103281.37
2025-05-09,103281.14,104346.21,102327.17,102970.96
2025-05-10,102970.95,104985.12,102839.58,104821
2025-05-11,104821,104965.53,103356.83,104124.52
2025-05-12,104125.74,105787.05,100762.99,102809.3
2025-05-13,102809.31,104963.56,101438.39,104112.95
2025-05-14,104112.95,104351.67,102616.04,103512.19
2025-05-15,103512.19,104190.15,101420.7,103777.74
2025-05-16,103777.74,104558.63,103121.79,103483.11
2025-05-17,103483.45,103738.63,102643.59,103157.98
2025-05-18,103158.01,106675.61,103138.74,106483.14
2025-05-19,106483.49,107141.59,102127.65,105623.03
2025-05-20,105623.03,107334.87,104221.72,106871.49
2025-05-21,106870.21,110770.02,106137.8,109683.43
2025-05-22,109683.06,112006.33,109268.33,111740.87
2025-05-23,111741.17,111818.29,106832.58,107347.49
2025-05-24,107347.28,109512.32,106918.67,107788.18
2025-05-25,107788.12,109339.4,106661.85,109042.54
2025-05-26,109042.15,110452.04,108718.85,109479.87
2025-05-27,109482.9,110758.19,107569.79,108977.63
2025-05-28,108977.63,109328.88,106852,107835.45
2025-05-29,107835.45,108924.51,105378.85,105617.3
2025-05-30,105616.91,106314.5,103645.14,103996.28
2025-05-31,103996.28,104938.55,103121.59,104637.36
2025-06-01,104637.36,105915.6,103818.87,105696.24
2025-06-02,105696.24,105986.11,103727.05,105901.3
2025-06-03,105901.3,106834.84,104925.31,105427.76
2025-06-04,105428.56,106055.21,104271.18,104760.74
2025-06-05,104759.59,105968.46,100464.15,101566.38
2025-06-06,101566.39,105379.57,101159.73,104348.69
2025-06-07,104348.25,105974.08,103962.71,105626.75
2025-06-08,105626.75,106520.18,105055.63,105788.72
2025-06-09,105789.37,110564.76,105375.86,110316.7
2025-06-10,110316.7,110424.55,108401.87,110315.07
2025-06-11,110314.22,110405.07,108090.97,108670.2
2025-06-12,108672.47,108832.19,105721.53,105723.38
2025-06-13,105723.66,106213.5,102747.48,106116.32
2025-06-14,106116.02,106269.83,104370.34,105465.98
2025-06-15,105465.98,106172.64,104545.21,105637.95
2025-06-16,105637.95,108953.12,104999.47,106812.7
2025-06-17,106812.7,107801.83,103423.97,104607.62
2025-06-18,104606.77,105565.31,103536.86,104907.94
2025-06-19,104907.97,105244.52,103952.73,104686.41
2025-06-20,104687.03,106532.81,102378.4,103307.86
2025-06-21,103307.41,104004.91,100924.02,102141.86
2025-06-22,102141.86,103398.23,98242.47,100998.11
2025-06-23,100998.11,106082.65,99674.67,105380.72
2025-06-24,105383.88,106339.05,104705.59,106158.79
2025-06-25,106157.87,108166.06,105860.6,107384.22
2025-06-26,107384.22,108316.43,106649.44,107004.85
2025-06-27,107003.54,107762.57,106425.23,107073.61
2025-06-28,107072.98,107583.15,106860.26,107342.09
2025-06-29,107342.05,108543.94,107221.65,108396.41
2025-06-30,108396.4,108798.98,106759.05,107171.26
2025-07-01,107171.26,107561.25,105287.89,105709.98
2025-07-02,105711.05,109739.12,105145.31,108861.49
2025-07-03,108861.49,110548.25,108586.72,109636.28
2025-07-04,109636.29,109796.6,107310.18,108021.35
2025-07-05,108021.13,108419.16,107792.27,108226.63
2025-07-06,108226.29,109721.61,107841.29,109231.32
2025-07-07,109231.32,109704.07,107533.61,108275.34
2025-07-08,108275.34,109215.78,107472.36,108929.55
2025-07-09,108929.92,112017.58,108350.63,111259.54
2025-07-10,111259.47,116785.47,110591.94,116040.62
2025-07-11,116040.31,118845.91,115238.05,117542.18
2025-07-12,117542.56,118244.01,116964.16,117465.08
2025-07-13,117464.63,119502.23,117261.9,119121.48
2025-07-14,119121.88,123217.39,118954.57,119890.3
2025-07-15,119890.29,119961.64,115769.79,117777.45
2025-07-16,117777.45,120027.69,117026.09,118640.81
2025-07-17,118638.71,120996.4,117516.45,119234.92
2025-07-18,119234.92,120885.4,116899.86,118006.64
2025-07-19,118006.64,118570.41,117367.23,117920.27
2025-07-20,117920.27,118909.59,116553.53,117328.31
2025-07-21,117329.48,119675.96,116573.34,117430.98
2025-07-22,117430.99,120296.21,116193.29,120008.72
2025-07-23,120008.86,120138.5,117361.23,118807.32
2025-07-24,118807.32,119520.3,117172.72,118380.51
2025-07-25,118380.51,118505.2,114786.35,117665.66
2025-07-26,117665.66,118282.37,117139.52,117904.42
2025-07-27,117904.42,119801.96,117860.23,119451.69
2025-07-28,119450.36,119821.01,117447.59,118085.05
2025-07-29,118085.05,119262.83,116964.09,117940.69
2025-07-30,117941.06,118749.21,115782.35,117815.05
2025-07-31,117815.05,118912.28,115496.24,115760.52
2025-08-01,115760.98,116043.95,112726.22,113287.47
2025-08-02,113287.9,114007,111979.94,112505.54
2025-08-03,112506.39,114741.37,111932.6,114181.51
2025-08-04,114181.37,115723.4,114123.27,115063.54
2025-08-05,115063.54,115118.29,112673.88,114128.57
2025-08-06,114128.57,115691.9,113346.77,114979.84
2025-08-07,114979.83,117639.57,114285.4,117492.75
2025-08-08,117493.8,117661.03,115931.26,116700.22
2025-08-09,116700.24,117927.03,116360.16,116479.34
2025-08-10,116479.65,119336.04,116478.91,119317.23
2025-08-11,119318.3,122324.86,118167.58,118707.84
2025-08-12,118706.96,120317.02,118209.5,120130.71
2025-08-13,120130.71,123629.34,118929.52,123286.81
2025-08-14,123286.98,124501.31,117257.43,118336.1
2025-08-15,118336.1,119294.92,116884.41,117418.07
2025-08-16,117417.97,117974.16,117228.04,117462.09
2025-08-17,117463.89,118631.9,117252.7,117477.6
2025-08-18,117477.6,117616.16,114722.67,116295.87
2025-08-19,116294.7,116775.8,112785.03,112926.12
2025-08-20,112926.11,114599.17,112373.45,114259.37
2025-08-21,114259.37,114811.36,112022.37,112504.03
2025-08-22,112504.03,117390.57,111659.94,116905.29
2025-08-23,116905.19,116985.56,114525.3,115389.17
2025-08-24,115389.17,115620.96,110788.83,113453.43
2025-08-25,113452.47,113647.38,109278.61,110101.32
2025-08-26,110101.32,112381.92,108740.46,111777.6
2025-08-27,111777.6,112623.86,110378.22,111269.13
2025-08-28,111269.13,113471.07,110872.15,112566.97
2025-08-29,112566.97,112637.22,107495.78,108375.96
2025-08-30,108376.6,108929.76,107378.13,108821.54
2025-08-31,108821.53,109493.48,108099.6,108259.76
2025-09-01,108259.76,109906.83,107265.32,109242.99
2025-09-02,109242.99,111778.34,108410.95,111249.93
2025-09-03,111249.82,112573.52,110542.32,111707.85
2025-09-04,111707.85,112230.58,109387.2,110773.28
2025-09-05,110773.12,113391.61,110247.26,110678.88
2025-09-06,110676.13,111314.27,110007.17,110194.86
2025-09-07,110195.33,111632.69,110195.33,111177.07
2025-09-08,111177.32,112922.78,110631.44,112074.5
2025-09-09,112074.5,113293.18,110791.08,111554.36
2025-09-10,111552.33,114313.65,110935.2,113970.85
2025-09-11,113970.85,115499.92,113451.36,115496.98
2025-09-12,115496.98,116695.83,114782.86,116064.22
2025-09-13,116064.22,116363.67,115243.54,115993.86
2025-09-14,115994.3,116213.09,115187.7,115334.81
2025-09-15,115336.14,116791.65,114445.46,115406.07
2025-09-16,115406.07,116997.15,114813.98,116826.29
2025-09-17,116826.3,117324.11,114798.4,116486.38
2025-09-18,116486.38,117932.88,116154.93,117111.87
2025-09-19,117111.87,117507.21,115149.82,115680.95
2025-09-20,115680.95,116193.8,115481.04,115754.28
2025-09-21,115754.29,115885.67,115255.52,115295.73
2025-09-22,115295.71,115442.86,111999.89,112721.44
2025-09-23,112721.44,113379.81,111555.62,112087.46
2025-09-24,112087.02,113983.97,111135.62,113346.22
2025-09-25,113346.22,113552.36,108683.41,109040.63
2025-09-26,109041.09,110336.43,108679.39,109686.4
2025-09-27,109686.4,109803.14,109141.93,109705.59
2025-09-28,109705.59,112397.08,109250.84,112219.19
2025-09-29,112218.94,114467.23,111619.28,114378.81
2025-09-30,114380.91,114845.13,112730.07,114117.01
2025-10-01,114116.78,118650.99,113979.05,118601.54
2025-10-02,118598.86,121099.82,118362.39,120612.28
2025-10-03,120612.2,123973.21,119335.85,122309.14
2025-10-04,122308.75,122877.92,121599.01,122467.46
2025-10-05,122468.32,125686.7,122194.84,123532.34
2025-10-06,123533.15,126230.09,123147.54,124697.72
2025-10-07,124699.14,125173.75,120659.34,121386.66
2025-10-08,121386.85,124227.1,121136.95,123371.34
2025-10-09,123371.34,123785.59,119724.96,121698.03
2025-10-10,121698.03,122576.75,103133.52,112855.41
2025-10-11,112857.43,113508.36,109817.85,110845.16
2025-10-12,110845.16,115858.21,109704.51,115080.92
2025-10-13,115081,116044.81,113795.34,115278.48
2025-10-14,115277.9,115500.4,109981.19,113122.01
2025-10-15,113118.94,113672.43,110242.94,110822.56
2025-10-16,110822.56,112046.11,107531.93,108257.38
2025-10-17,108257.68,109248.92,103583.99,106449.6
2025-10-18,106450.35,107534.66,106374.11,107225.18
2025-10-19,107225.18,109488.4,106155.97,108687.38
2025-10-20,108686.95,111724.34,107464.5,110573.2
2025-10-21,110573.2,114042.15,107524.63,108362.87
2025-10-22,108361.64,109178.24,106781.73,107621.59
2025-10-23,107622.19,111303.04,107522.1,110086.49
2025-10-24,110086.49,112057.38,109752.9,111049.7
2025-10-25,111050.12,111954.65,110700.39,111674.63
2025-10-26,111674.63,115394.18,111281.77,114579.25
2025-10-27,114579.25,116381.94,113875.8,114124.84
2025-10-28,114124.83,116098.15,112260.45,112915.53
2025-10-29,112915.53,113652.51,109355.8,110044.16
2025-10-30,110044.11,111597.76,106354.89,108321.57
2025-10-31,108321.58,111146.34,108277.08,109604.37
2025-11-01,109604.14,110525.06,109378.36,110075.54
2025-11-02,110075.01,111206.86,109484.13,110520.97
2025-11-03,110521.45,110749.26,105321.49,106581.26
2025-11-04,106581.26,107286.77,98966.03,101484.41
2025-11-05,101485.45,104518.45,98969.55,103882.03
2025-11-06,103881.88,104189.33,100326.22,101348.52
2025-11-07,101347.77,104049.81,99249.24,103303.77
2025-11-08,103303.77,103353.24,101422.9,102263.68
2025-11-09,102263.55,105426.82,101451.68,104711.6
2025-11-10,104711.13,106643.9,104274.6,106002.75
2025-11-11,106002.75,107476.16,102472.04,103040.87
2025-11-12,103040.87,105296.27,100823.81,101627.87
2025-11-13,101627.66,104031.8,98018.02,99698.03
2025-11-14,99697.85,99811.78,94008.59,94543.82
2025-11-15,94543.82,96746.08,94507.35,95530.14
2025-11-16,95529.7,96583.12,92986.81,94219.87
2025-11-17,94219.33,95959.68,91251.23,92157.44
2025-11-18,92157.44,93738.13,89258.87,92872.58
2025-11-19,92872.79,92955.6,88599.27,91538.1
2025-11-20,91538.1,93080.29,86036.34,86569.9
2025-11-21,86568.06,87407.18,80559.96,85044.21
2025-11-22,85090.89,85568.71,83470.84,84697.69
2025-11-23,84707.38,88088.26,84640.01,86801.03
2025-11-24,86801.15,89212.44,85278.23,88282.84
2025-11-25,88282.84,88487.22,86117.21,87348.94
2025-11-26,87348.94,90594.43,86284.6,90459.27
2025-11-27,90459.73,91929.93,90100.92,91336.07
2025-11-28,91336.68,93035.38,90207.41,90891.25
2025-11-29,90891.29,91191.79,90207.5,90829.14
2025-11-30,90828.76,91994.63,90381.35,90398.02
2025-12-01,90398,90430.12,83868.1,86309.71
2025-12-02,86309.92,92304.92,86197.55,91288.03
2025-12-03,91287.42,94167.19,91038.78,93471.71
2025-12-04,93471.64,94098.83,90934.93,92107.03
2025-12-05,92107.03,92704.34,88128.92,89345.78
2025-12-06,89345.51,90298.95,88958.03,89256.17
2025-12-07,89256.74,91782.02,87765.34,90428.32
2025-12-08,90429.28,92311.54,89656.25,90667.36
2025-12-09,90667.36,94588.14,89570.61,92690.12
2025-12-10,92690.07,94473.14,91596.5,92025.8
2025-12-11,92025.66,93566.65,89296.69,92524.32
2025-12-12,92524.05,92766.12,89510.74,90286.72
2025-12-13,90286.72,90657.32,89794.04,90264.5
2025-12-14,90264.49,90502.2,87641.54,88186.22
2025-12-15,88187.87,90028.59,85203.55,86448.38
2025-12-16,86448.38,88162.08,85281.78,87865.58
2025-12-17,87866.06,90326.44,85322.66,86243.26
2025-12-18,86242.79,89440.38,84440.97,85490.82
2025-12-19,85490.04,89350.51,85104.28,88107.18
2025-12-20,88107.18,88519.66,87824.01,88318.71
2025-12-21,88318.53,89041.54,87597.88,88629.25
2025-12-22,88627.48,90546.45,87907.44,88578.36
2025-12-23,88578.48,88896.01,86586.13,87448.11
2025-12-24,87448.14,87980.38,86382.25,87616.34
2025-12-25,87616.43,88515.64,86906.99,87181.67
2025-12-26,87180.58,89499.27,86620.26,87316.99
2025-12-27,87316.8,87911.12,87187.75,87810.64
2025-12-28,87810,88018.53,87386.54,87884.07
2025-12-29,87882.57,90326.86,86756.73,87178
2025-12-30,87178.32,89294.18,86746.99,88390.11
2025-12-31,88390.15,89099.68,87168.08,87554.88
2026-01-01,87554.88,88795.16,87429.3,88716.45
2026-01-02,88716.08,90844.06,88295.91,89883.22
2026-01-03,89883.01,90699.27,89292.89,90597.71
2026-01-04,90597.71,91745.75,90596.26,91499.54
2026-01-05,91499.54,94741.47,91482.22,93826.93
2026-01-06,93826.73,94432.74,91293.92,93741.15
2026-01-07,93741.52,93742.18,90657.66,91335.31
2026-01-08,91335.55,91562.02,89263.21,91026.1
2026-01-09,91026.08,91940.39,89627.16,90555.39
2026-01-10,90555.39,90715.53,90287.78,90390.62
2026-01-11,90390.63,90731.87,90336.17,90616.04